figure_path	source_stage	figure_type	cell_type	contrast	pathway	purpose	quality_status	main_or_supp_candidate	duplicate_group	notes	bytes	sha256
figures/02_qc_before_filtering.png	02_qc_before_filtering.png	other				existing analysis output; retained unchanged for audit	diagnostic_or_supplementary	supplement_candidate	stem:02_qc_before_filtering	No original file was deleted or modified.	440896	72d8a7daa10d8c0672b96d9fccc223f73d375c0e9c283b6fd6ce6ffbf4661e42
figures/03_atlas_overview.pdf	03_atlas_overview.pdf	other				existing analysis output; retained unchanged for audit	vector_existing_candidate	main_or_supp_review_candidate	stem:03_atlas_overview	No original file was deleted or modified.	5277292	2f0c95babae00a2641164388fec002ed29d9780bd82baecf6dcc72e48dd2f2d4
figures/04_broad_marker_review.pdf	04_broad_marker_review.pdf	other				existing analysis output; retained unchanged for audit	vector_existing_candidate	main_or_supp_review_candidate	stem:04_broad_marker_review	No original file was deleted or modified.	205615	8d94324f6408ad9448d5ac31dceee5b070df410355c550b6c00b121dd47dcab0
figures/annotation/broad_lineage_marker_dotplot.pdf	annotation	other				existing analysis output; retained unchanged for audit	vector_existing_candidate	main_or_supp_review_candidate	stem:broad_lineage_marker_dotplot	No original file was deleted or modified.	217451	ecd790f51d05ab691f4495b8265a74c52d415a0d0b19c1b313abf6c36c8852cc
figures/annotation/broad_lineage_marker_dotplot.png	annotation	other				existing analysis output; retained unchanged for audit	review_or_regenerate_for_publication	main_or_supp_review_candidate	stem:broad_lineage_marker_dotplot	No original file was deleted or modified.	764338	3055737e01b439c7355b6bf7616bb6a5c9901a182268d190c8d019e42524dff0
figures/annotation/cluster24_special_review.pdf	annotation	other				existing analysis output; retained unchanged for audit	vector_existing_candidate	main_or_supp_review_candidate	stem:cluster24_special_review	No original file was deleted or modified.	135191	ce8f33be5efcd73ca9faf6abb6c5666b6239ec49704c7b46bef390966f3cddf4
figures/annotation/cluster24_special_review.png	annotation	other				existing analysis output; retained unchanged for audit	review_or_regenerate_for_publication	main_or_supp_review_candidate	stem:cluster24_special_review	No original file was deleted or modified.	856990	bb3aa5e51959aace7eef6a49d480b49caede4890bbdb654454cb77a6c9b62e6f
figures/annotation/cluster25_special_review.pdf	annotation	other				existing analysis output; retained unchanged for audit	vector_existing_candidate	main_or_supp_review_candidate	stem:cluster25_special_review	No original file was deleted or modified.	132400	92182597c3e7bc630ff6618a760739fd7dba77ebd3ab134d641257c07da4979d
figures/annotation/cluster25_special_review.png	annotation	other				existing analysis output; retained unchanged for audit	review_or_regenerate_for_publication	main_or_supp_review_candidate	stem:cluster25_special_review	No original file was deleted or modified.	832870	d6acaa7ac3aceb51012791d96a05bf7fa5d9d13acb2b218c842490ab8a62cd2e
figures/annotation/selected_marker_feature_plots.pdf	annotation	other				existing analysis output; retained unchanged for audit	vector_existing_candidate	main_or_supp_review_candidate	stem:selected_marker_feature_plots	No original file was deleted or modified.	747142	56e46c44a8976887fa90a97720bcb41a1efe431cc9a7072047dbdbf33b0ee2a1
figures/annotation/selected_marker_feature_plots.png	annotation	other				existing analysis output; retained unchanged for audit	review_or_regenerate_for_publication	main_or_supp_review_candidate	stem:selected_marker_feature_plots	No original file was deleted or modified.	2939163	0fb962c36d0aa3139425aab8bcfadabe71803c539ff02f9fbeb356919fb75e38
figures/annotation/umap_annotation_confidence.pdf	annotation	umap				existing analysis output; retained unchanged for audit	vector_existing_candidate	main_or_supp_review_candidate	stem:umap_annotation_confidence	No original file was deleted or modified.	171998	e24f5fb0b1dca6b23b6967db6020ce19ccb0f97805e5e348b16418abda9f5420
figures/annotation/umap_annotation_confidence.png	annotation	umap				existing analysis output; retained unchanged for audit	review_or_regenerate_for_publication	main_or_supp_review_candidate	stem:umap_annotation_confidence	No original file was deleted or modified.	1484633	35dce08da29dd46e40b4708166620998f71a6edf847f6b8e247636d77e464ef6
figures/annotation/umap_cell_type_broad.pdf	annotation	umap				existing analysis output; retained unchanged for audit	vector_existing_candidate	main_or_supp_review_candidate	stem:umap_cell_type_broad	No original file was deleted or modified.	173103	afd40c61b61a24be3126f8c7e31058cd0b4aadbe3b0ea2bf66e9441afb28a303
figures/annotation/umap_cell_type_broad.png	annotation	umap				existing analysis output; retained unchanged for audit	review_or_regenerate_for_publication	main_or_supp_review_candidate	stem:umap_cell_type_broad	No original file was deleted or modified.	1497591	f2e9b6aade29e417432a7018791a53ed4675598ef808a1f8f8d856a822651a1b
figures/composition/broad_composition_stacked.pdf	composition	bar_or_summary				existing analysis output; retained unchanged for audit	vector_existing_candidate	main_or_supp_review_candidate	stem:broad_composition_stacked	No original file was deleted or modified.	21403	f450e7acb1f04d18dd4ee05460d9d1c7c37ad75ec089e9e23d2add4474f5ab61
figures/composition/subtype_composition_stacked.pdf	composition	bar_or_summary				existing analysis output; retained unchanged for audit	vector_existing_candidate	main_or_supp_review_candidate	stem:subtype_composition_stacked	No original file was deleted or modified.	27836	3de717cef973df2b78450cad6b74275e8fa725537b8e0bda9bc9c6eee4ebf8a8
figures/de_stage1/Granulosa_OC_vs_Y_ma_volcano.png	stage1	other	Granulosa			existing analysis output; retained unchanged for audit	review_or_regenerate_for_publication	main_or_supp_review_candidate	stem:granulosa_oc_vs_y_ma_volcano	No original file was deleted or modified.	288681	79e0eb2883a8423f674173aa7a51d88b0dd79db249480a5cef2b811cfcd76635
figures/de_stage1/Granulosa_OC_vs_Y_pseudobulk_qc.png	stage1	other	Granulosa			existing analysis output; retained unchanged for audit	diagnostic_or_supplementary	supplement_candidate	stem:granulosa_oc_vs_y_pseudobulk_qc	No original file was deleted or modified.	144238	705d70cb4e5d41650518f33a4c5d9cbe54a727d0fdda505e119f635135a9a333
figures/de_stage1/Granulosa_OT_vs_OC_ma_volcano.png	stage1	other	Granulosa			existing analysis output; retained unchanged for audit	review_or_regenerate_for_publication	main_or_supp_review_candidate	stem:granulosa_ot_vs_oc_ma_volcano	No original file was deleted or modified.	253207	f275329e75b421a5b49af0df8a701e63eefb360432d6af4181f8b5131fcb6b8a
figures/de_stage1/Granulosa_OT_vs_OC_pseudobulk_qc.png	stage1	other	Granulosa			existing analysis output; retained unchanged for audit	diagnostic_or_supplementary	supplement_candidate	stem:granulosa_ot_vs_oc_pseudobulk_qc	No original file was deleted or modified.	153582	9f9974676c465bd4392204affceeb28da536a92a7489fe2650fff48879cf034e
figures/de_stage1/Granulosa_OT_vs_Y_ma_volcano.png	stage1	other	Granulosa			existing analysis output; retained unchanged for audit	review_or_regenerate_for_publication	main_or_supp_review_candidate	stem:granulosa_ot_vs_y_ma_volcano	No original file was deleted or modified.	204315	814135a002f587b7c5e23ab8d717e4d68c3379baec13ca229345d6d6f4e8d70f
figures/de_stage1/Granulosa_OT_vs_Y_pseudobulk_qc.png	stage1	other	Granulosa			existing analysis output; retained unchanged for audit	diagnostic_or_supplementary	supplement_candidate	stem:granulosa_ot_vs_y_pseudobulk_qc	No original file was deleted or modified.	132430	43192b900de6ea015624fdcc9b66fdc996dc73a00303da60d8814cd38c5b5af1
figures/de_stage1/Immune_OC_vs_Y_ma_volcano.png	stage1	other	Immune			existing analysis output; retained unchanged for audit	review_or_regenerate_for_publication	main_or_supp_review_candidate	stem:immune_oc_vs_y_ma_volcano	No original file was deleted or modified.	253406	cc9e6ff30a492ba80a023c041253624b21b696879cc0dc2c8513b4f4037b5889
figures/de_stage1/Immune_OC_vs_Y_pseudobulk_qc.png	stage1	other	Immune			existing analysis output; retained unchanged for audit	diagnostic_or_supplementary	supplement_candidate	stem:immune_oc_vs_y_pseudobulk_qc	No original file was deleted or modified.	149017	1c6a5e3c9bf6b3252f8d8502d5591829db103fe25bacae83ec0f33b22d2efd18
figures/de_stage1/Immune_OT_vs_OC_ma_volcano.png	stage1	other	Immune			existing analysis output; retained unchanged for audit	review_or_regenerate_for_publication	main_or_supp_review_candidate	stem:immune_ot_vs_oc_ma_volcano	No original file was deleted or modified.	185905	bb042d024ae8dc83acf373b1003503e475b2945e147cc8da5a98da924ab73bd1
figures/de_stage1/Immune_OT_vs_OC_pseudobulk_qc.png	stage1	other	Immune			existing analysis output; retained unchanged for audit	diagnostic_or_supplementary	supplement_candidate	stem:immune_ot_vs_oc_pseudobulk_qc	No original file was deleted or modified.	150394	4184cc90c108594db7e320c4a7cda1ac522b1aa07a1247fbd1ac222441aef072
figures/de_stage1/Immune_OT_vs_Y_ma_volcano.png	stage1	other	Immune			existing analysis output; retained unchanged for audit	review_or_regenerate_for_publication	main_or_supp_review_candidate	stem:immune_ot_vs_y_ma_volcano	No original file was deleted or modified.	255899	ddf76987b57b515dfc12ab46b96b54c97af51564d3ce225138b63031819f4462
figures/de_stage1/Immune_OT_vs_Y_pseudobulk_qc.png	stage1	other	Immune			existing analysis output; retained unchanged for audit	diagnostic_or_supplementary	supplement_candidate	stem:immune_ot_vs_y_pseudobulk_qc	No original file was deleted or modified.	144367	4d4e5e8e2583f04dcbaf70fe527335ab64354795725e9aa688931b68bc12fa2f
figures/de_stage1/Ovarian_epithelial_OC_vs_Y_ma_volcano.png	stage1	other				existing analysis output; retained unchanged for audit	review_or_regenerate_for_publication	main_or_supp_review_candidate	stem:ovarian_epithelial_oc_vs_y_ma_volcano	No original file was deleted or modified.	241083	fabd34fe77817bb7cb99fdb00c8f249edff238c961d2bf479ffdcfa65f4d4022
figures/de_stage1/Ovarian_epithelial_OC_vs_Y_pseudobulk_qc.png	stage1	other				existing analysis output; retained unchanged for audit	diagnostic_or_supplementary	supplement_candidate	stem:ovarian_epithelial_oc_vs_y_pseudobulk_qc	No original file was deleted or modified.	148255	822fbed53ef01bf0030a48e66ab5a92023c099b0b98965069b074996a39891d1
figures/de_stage1/Ovarian_epithelial_OT_vs_OC_ma_volcano.png	stage1	other				existing analysis output; retained unchanged for audit	review_or_regenerate_for_publication	main_or_supp_review_candidate	stem:ovarian_epithelial_ot_vs_oc_ma_volcano	No original file was deleted or modified.	106034	d025b22eb641a8fc557334e0e6677e3e1eb640ce633d8c80bb962cf8f3739516
figures/de_stage1/Ovarian_epithelial_OT_vs_OC_pseudobulk_qc.png	stage1	other				existing analysis output; retained unchanged for audit	diagnostic_or_supplementary	supplement_candidate	stem:ovarian_epithelial_ot_vs_oc_pseudobulk_qc	No original file was deleted or modified.	146854	6159ae9863d87fb89263377ba8adad3be4f4ae64033c87f89f3a6ba3df81f453
figures/de_stage1/Ovarian_epithelial_OT_vs_Y_ma_volcano.png	stage1	other				existing analysis output; retained unchanged for audit	review_or_regenerate_for_publication	main_or_supp_review_candidate	stem:ovarian_epithelial_ot_vs_y_ma_volcano	No original file was deleted or modified.	81665	842270a3a7d82bdba47be8912cf530c666b6fe2100c8a6ff0f9ccdd67a786e9b
figures/de_stage1/Ovarian_epithelial_OT_vs_Y_pseudobulk_qc.png	stage1	other				existing analysis output; retained unchanged for audit	diagnostic_or_supplementary	supplement_candidate	stem:ovarian_epithelial_ot_vs_y_pseudobulk_qc	No original file was deleted or modified.	140658	70b28b035cfde573a6a0d1ae4e612dda6fe9be92ae7e7a2b5357e83ac0a27f2c
figures/de_stage1/Smooth_muscle_pericyte_OC_vs_Y_ma_volcano.png	stage1	other				existing analysis output; retained unchanged for audit	review_or_regenerate_for_publication	main_or_supp_review_candidate	stem:smooth_muscle_pericyte_oc_vs_y_ma_volcano	No original file was deleted or modified.	296329	7920a5156228fee5e5136870886a170384422671c044dca77b6c47c93c18898e
figures/de_stage1/Smooth_muscle_pericyte_OC_vs_Y_pseudobulk_qc.png	stage1	other				existing analysis output; retained unchanged for audit	diagnostic_or_supplementary	supplement_candidate	stem:smooth_muscle_pericyte_oc_vs_y_pseudobulk_qc	No original file was deleted or modified.	149319	a4abd7b3cdd25bcf1932b00e910d781fc33688b24be2a78d3fe3790e876e430e
figures/de_stage1/Smooth_muscle_pericyte_OT_vs_OC_ma_volcano.png	stage1	other				existing analysis output; retained unchanged for audit	review_or_regenerate_for_publication	main_or_supp_review_candidate	stem:smooth_muscle_pericyte_ot_vs_oc_ma_volcano	No original file was deleted or modified.	134341	014fdf54527006b49b03ecb6b24bdd49533ceeaf36c2de53aebc77592dfc40b8
figures/de_stage1/Smooth_muscle_pericyte_OT_vs_OC_pseudobulk_qc.png	stage1	other				existing analysis output; retained unchanged for audit	diagnostic_or_supplementary	supplement_candidate	stem:smooth_muscle_pericyte_ot_vs_oc_pseudobulk_qc	No original file was deleted or modified.	150692	abfcf6f3f026d7d15625b70288cd1beff8ee622fcd67d79ce074c53e72167f11
figures/de_stage1/Smooth_muscle_pericyte_OT_vs_Y_ma_volcano.png	stage1	other				existing analysis output; retained unchanged for audit	review_or_regenerate_for_publication	main_or_supp_review_candidate	stem:smooth_muscle_pericyte_ot_vs_y_ma_volcano	No original file was deleted or modified.	123076	1e24e302cd3df894b524fd6993ae11669468055f7874430cba0c3a373e8f8a51
figures/de_stage1/Smooth_muscle_pericyte_OT_vs_Y_pseudobulk_qc.png	stage1	other				existing analysis output; retained unchanged for audit	diagnostic_or_supplementary	supplement_candidate	stem:smooth_muscle_pericyte_ot_vs_y_pseudobulk_qc	No original file was deleted or modified.	146067	e3e452220898fd5a2c5eb96f3157076aecee45442e75bc9d27a939e49ae05297
figures/de_stage1/Stromal_fibroblast_OC_vs_Y_ma_volcano.png	stage1	other	Stromal_fibroblast			existing analysis output; retained unchanged for audit	review_or_regenerate_for_publication	main_or_supp_review_candidate	stem:stromal_fibroblast_oc_vs_y_ma_volcano	No original file was deleted or modified.	300989	800b8706ba72e418500f1cbe634e7d6f137abe9014b4cf9b47b04cb9b87c7741
figures/de_stage1/Stromal_fibroblast_OC_vs_Y_pseudobulk_qc.png	stage1	other	Stromal_fibroblast			existing analysis output; retained unchanged for audit	diagnostic_or_supplementary	supplement_candidate	stem:stromal_fibroblast_oc_vs_y_pseudobulk_qc	No original file was deleted or modified.	147630	c7db00fcb6d3d77c5bcb63d0337c2508d7fdbbaddbb56e847309cf6537c8d86e
figures/de_stage1/Stromal_fibroblast_OT_vs_OC_ma_volcano.png	stage1	other	Stromal_fibroblast			existing analysis output; retained unchanged for audit	review_or_regenerate_for_publication	main_or_supp_review_candidate	stem:stromal_fibroblast_ot_vs_oc_ma_volcano	No original file was deleted or modified.	244890	1f90fc32021e48d7a6665f2e75922905c6b8ea7198ce937ea1c6c34b81b6c46c
figures/de_stage1/Stromal_fibroblast_OT_vs_OC_pseudobulk_qc.png	stage1	other	Stromal_fibroblast			existing analysis output; retained unchanged for audit	diagnostic_or_supplementary	supplement_candidate	stem:stromal_fibroblast_ot_vs_oc_pseudobulk_qc	No original file was deleted or modified.	156241	9a9125e285f23a1a7002c6ce1868f41b2b20aa478c58467d50b1075b5f0d14a6
figures/de_stage1/Stromal_fibroblast_OT_vs_Y_ma_volcano.png	stage1	other	Stromal_fibroblast			existing analysis output; retained unchanged for audit	review_or_regenerate_for_publication	main_or_supp_review_candidate	stem:stromal_fibroblast_ot_vs_y_ma_volcano	No original file was deleted or modified.	216066	3e21425727d06b974680d097f0fdd1b0db4681acdff5b7c1bc21578b8066a347
figures/de_stage1/Stromal_fibroblast_OT_vs_Y_pseudobulk_qc.png	stage1	other	Stromal_fibroblast			existing analysis output; retained unchanged for audit	diagnostic_or_supplementary	supplement_candidate	stem:stromal_fibroblast_ot_vs_y_pseudobulk_qc	No original file was deleted or modified.	142849	92f4f663d8e3a1bc916d2da9f9a12d4653c81a93047cc4b74b0986c6c579c6c1
figures/de_stage1/Theca_steroidogenic_OC_vs_Y_ma_volcano.png	stage1	other	Theca_steroidogenic			existing analysis output; retained unchanged for audit	review_or_regenerate_for_publication	main_or_supp_review_candidate	stem:theca_steroidogenic_oc_vs_y_ma_volcano	No original file was deleted or modified.	304113	0af4fd27e106f620df1a1c09eeba7d6a6f4132c3a0032bdb724ca34dd0224d87
figures/de_stage1/Theca_steroidogenic_OC_vs_Y_pseudobulk_qc.png	stage1	other	Theca_steroidogenic			existing analysis output; retained unchanged for audit	diagnostic_or_supplementary	supplement_candidate	stem:theca_steroidogenic_oc_vs_y_pseudobulk_qc	No original file was deleted or modified.	149358	6c8afb31af6536bf8061b6ad2ea9faf76836cc58d46fdc5f783ddb78e5d59fe5
figures/de_stage1/Theca_steroidogenic_OT_vs_OC_ma_volcano.png	stage1	other	Theca_steroidogenic			existing analysis output; retained unchanged for audit	review_or_regenerate_for_publication	main_or_supp_review_candidate	stem:theca_steroidogenic_ot_vs_oc_ma_volcano	No original file was deleted or modified.	233257	ca58bee27296622454cc6a5177673b24e32653b025e531a644a4e0ffe90a8ab2
figures/de_stage1/Theca_steroidogenic_OT_vs_OC_pseudobulk_qc.png	stage1	other	Theca_steroidogenic			existing analysis output; retained unchanged for audit	diagnostic_or_supplementary	supplement_candidate	stem:theca_steroidogenic_ot_vs_oc_pseudobulk_qc	No original file was deleted or modified.	153326	59d9251387ccda0c88175eac37db88febcb875b429fb81b81828717518881608
figures/de_stage1/Theca_steroidogenic_OT_vs_Y_ma_volcano.png	stage1	other	Theca_steroidogenic			existing analysis output; retained unchanged for audit	review_or_regenerate_for_publication	main_or_supp_review_candidate	stem:theca_steroidogenic_ot_vs_y_ma_volcano	No original file was deleted or modified.	113807	34a0b2936cdace1766468d587007be4214e777b2ad1791f5d24220c8fbf5b068
figures/de_stage1/Theca_steroidogenic_OT_vs_Y_pseudobulk_qc.png	stage1	other	Theca_steroidogenic			existing analysis output; retained unchanged for audit	diagnostic_or_supplementary	supplement_candidate	stem:theca_steroidogenic_ot_vs_y_pseudobulk_qc	No original file was deleted or modified.	142109	7c0dcad700b4ed6aebb4089a1a476cdbff6eecb42f93036126976506cb88ae7f
figures/de_stage1/Vascular_endothelial_OC_vs_Y_ma_volcano.png	stage1	other				existing analysis output; retained unchanged for audit	review_or_regenerate_for_publication	main_or_supp_review_candidate	stem:vascular_endothelial_oc_vs_y_ma_volcano	No original file was deleted or modified.	300230	e264b4b4f41a315fe55a60b0ce0b8c64c6d298f3f60e8ec17a7c6950c461825f
figures/de_stage1/Vascular_endothelial_OC_vs_Y_pseudobulk_qc.png	stage1	other				existing analysis output; retained unchanged for audit	diagnostic_or_supplementary	supplement_candidate	stem:vascular_endothelial_oc_vs_y_pseudobulk_qc	No original file was deleted or modified.	145611	82efcebffcd40577964e2543bddc4714734f67398e24b2e916cfe0a3257fe4fc
figures/de_stage1/Vascular_endothelial_OT_vs_OC_ma_volcano.png	stage1	other				existing analysis output; retained unchanged for audit	review_or_regenerate_for_publication	main_or_supp_review_candidate	stem:vascular_endothelial_ot_vs_oc_ma_volcano	No original file was deleted or modified.	191269	949ada1ca9d46cb7785e28ed57f5ea9da103f15f74ec4c9c810029b090029e0e
figures/de_stage1/Vascular_endothelial_OT_vs_OC_pseudobulk_qc.png	stage1	other				existing analysis output; retained unchanged for audit	diagnostic_or_supplementary	supplement_candidate	stem:vascular_endothelial_ot_vs_oc_pseudobulk_qc	No original file was deleted or modified.	156338	8d115caadcedebf3085aa4bf0c8a80d69e19e59edad1d6a68ed47e0f5df58e90
figures/de_stage1/Vascular_endothelial_OT_vs_Y_ma_volcano.png	stage1	other				existing analysis output; retained unchanged for audit	review_or_regenerate_for_publication	main_or_supp_review_candidate	stem:vascular_endothelial_ot_vs_y_ma_volcano	No original file was deleted or modified.	153983	007c5de5ac5890c76b0a5cb2b5ab16ec46dbecc54eedb1edf05951595cbd7b02
figures/de_stage1/Vascular_endothelial_OT_vs_Y_pseudobulk_qc.png	stage1	other				existing analysis output; retained unchanged for audit	diagnostic_or_supplementary	supplement_candidate	stem:vascular_endothelial_ot_vs_y_pseudobulk_qc	No original file was deleted or modified.	146372	f55b3c3c5467cbee542b6a51445d60934487c94af4684e3bb0d0ddd08379f6c5
figures/de_stage1_5/Granulosa_aging_vs_residual.png	stage1_5	other	Granulosa	OC_vs_Y;OT_vs_OC		existing analysis output; retained unchanged for audit	review_or_regenerate_for_publication	main_or_supp_review_candidate	stem:granulosa_aging_vs_residual	No original file was deleted or modified.	131112	f9cc89a7e0c18a6a24154f9ce8e8fdf67d134e5d4f5130c2e60b581945f366ef
figures/de_stage1_5/Granulosa_aging_vs_treatment.png	stage1_5	other	Granulosa	OC_vs_Y;OT_vs_OC		existing analysis output; retained unchanged for audit	review_or_regenerate_for_publication	main_or_supp_review_candidate	stem:granulosa_aging_vs_treatment	No original file was deleted or modified.	142056	436c43ba1c08bec80ad76846bc0b801c990764c2f639ec5795e5a9c2ef4534ac
figures/de_stage1_5/Granulosa_recovery_fraction.png	stage1_5	bar_or_summary	Granulosa			existing analysis output; retained unchanged for audit	review_or_regenerate_for_publication	main_or_supp_review_candidate	stem:granulosa_recovery_fraction	No original file was deleted or modified.	40249	997d0daa11251adf05f9725b32671b9ebe243f7078857f374e190b52d70d680a
figures/de_stage1_5/Granulosa_rescue_classification_counts.png	stage1_5	bar_or_summary	Granulosa			existing analysis output; retained unchanged for audit	review_or_regenerate_for_publication	main_or_supp_review_candidate	stem:granulosa_rescue_classification_counts	No original file was deleted or modified.	78193	ee0ae132b8d37f8f884458f2c967c334c41e234a088ace0b2f910797b48b70cc
figures/de_stage1_5/Immune_aging_vs_residual.png	stage1_5	other	Immune	OC_vs_Y;OT_vs_OC		existing analysis output; retained unchanged for audit	review_or_regenerate_for_publication	main_or_supp_review_candidate	stem:immune_aging_vs_residual	No original file was deleted or modified.	84246	af356141857e183ad3958566331739bddaaea2e48b86e0a8095d542783c51e71
figures/de_stage1_5/Immune_aging_vs_treatment.png	stage1_5	other	Immune	OC_vs_Y;OT_vs_OC		existing analysis output; retained unchanged for audit	review_or_regenerate_for_publication	main_or_supp_review_candidate	stem:immune_aging_vs_treatment	No original file was deleted or modified.	104010	0631b514b81143979cf70ddcea7289c64726cc0f46ea06c7c7610d172ea8d594
figures/de_stage1_5/Immune_recovery_fraction.png	stage1_5	bar_or_summary	Immune			existing analysis output; retained unchanged for audit	review_or_regenerate_for_publication	main_or_supp_review_candidate	stem:immune_recovery_fraction	No original file was deleted or modified.	37733	79301b70c6ca477ce13214c1ccd45ef2cabe74f2953ab81183f4f89fc1a18422
figures/de_stage1_5/Immune_rescue_classification_counts.png	stage1_5	bar_or_summary	Immune			existing analysis output; retained unchanged for audit	review_or_regenerate_for_publication	main_or_supp_review_candidate	stem:immune_rescue_classification_counts	No original file was deleted or modified.	78759	b8fc8b78aa7cd60fd35683bf039c3554e6f216872b0cdee8cb8609c8f5cf6694
figures/de_stage1_5/Ovarian_epithelial_aging_vs_residual.png	stage1_5	other		OC_vs_Y;OT_vs_OC		existing analysis output; retained unchanged for audit	review_or_regenerate_for_publication	main_or_supp_review_candidate	stem:ovarian_epithelial_aging_vs_residual	No original file was deleted or modified.	121215	8ee4ba026208cd70a255020ff1954ac1edf81eca4c24c731e50f5ab5cef4f4d9
figures/de_stage1_5/Ovarian_epithelial_aging_vs_treatment.png	stage1_5	other		OC_vs_Y;OT_vs_OC		existing analysis output; retained unchanged for audit	review_or_regenerate_for_publication	main_or_supp_review_candidate	stem:ovarian_epithelial_aging_vs_treatment	No original file was deleted or modified.	121738	d4fecccd654ded738f255c1f3e07c3a3ad2ad3abb4e9a7c57db97d654fbb9d1d
figures/de_stage1_5/Ovarian_epithelial_recovery_fraction.png	stage1_5	bar_or_summary				existing analysis output; retained unchanged for audit	review_or_regenerate_for_publication	main_or_supp_review_candidate	stem:ovarian_epithelial_recovery_fraction	No original file was deleted or modified.	36838	c662b09516325fe81b32ddf897e25356da860f9089b67b14728f24a3bea0094c
figures/de_stage1_5/Ovarian_epithelial_rescue_classification_counts.png	stage1_5	bar_or_summary				existing analysis output; retained unchanged for audit	review_or_regenerate_for_publication	main_or_supp_review_candidate	stem:ovarian_epithelial_rescue_classification_counts	No original file was deleted or modified.	78561	c97b1400055e7970cc9b506f582e556353e841942ff51bea035482faa2da15f4
figures/de_stage1_5/Smooth_muscle_pericyte_aging_vs_residual.png	stage1_5	other		OC_vs_Y;OT_vs_OC		existing analysis output; retained unchanged for audit	review_or_regenerate_for_publication	main_or_supp_review_candidate	stem:smooth_muscle_pericyte_aging_vs_residual	No original file was deleted or modified.	127053	b9fac050dfa5708b69d7e5d3cd7589de4093c3ff22c7786e2e656b1bb75923a2
figures/de_stage1_5/Smooth_muscle_pericyte_aging_vs_treatment.png	stage1_5	other		OC_vs_Y;OT_vs_OC		existing analysis output; retained unchanged for audit	review_or_regenerate_for_publication	main_or_supp_review_candidate	stem:smooth_muscle_pericyte_aging_vs_treatment	No original file was deleted or modified.	141596	667b805b9d5b25a16b47fe56aca0ee8c31ea4566385eac2841670a94e74705ed
figures/de_stage1_5/Smooth_muscle_pericyte_recovery_fraction.png	stage1_5	bar_or_summary				existing analysis output; retained unchanged for audit	review_or_regenerate_for_publication	main_or_supp_review_candidate	stem:smooth_muscle_pericyte_recovery_fraction	No original file was deleted or modified.	38961	23dcbf7320a1013e28d1e31cc1d35012f37bc066b2bb50d26d2c0e1d2a986e08
figures/de_stage1_5/Smooth_muscle_pericyte_rescue_classification_counts.png	stage1_5	bar_or_summary				existing analysis output; retained unchanged for audit	review_or_regenerate_for_publication	main_or_supp_review_candidate	stem:smooth_muscle_pericyte_rescue_classification_counts	No original file was deleted or modified.	81164	98a8bb248468635527ec67b84b8b95ea23e8119684a9407e2a7f2bbeb8eb2374
figures/de_stage1_5/Stromal_fibroblast_aging_vs_residual.png	stage1_5	other	Stromal_fibroblast	OC_vs_Y;OT_vs_OC		existing analysis output; retained unchanged for audit	review_or_regenerate_for_publication	main_or_supp_review_candidate	stem:stromal_fibroblast_aging_vs_residual	No original file was deleted or modified.	130398	0eccb1cd6dd34fb758c6dece041460690d3ba57436522182fdc74552d2db5915
figures/de_stage1_5/Stromal_fibroblast_aging_vs_treatment.png	stage1_5	other	Stromal_fibroblast	OC_vs_Y;OT_vs_OC		existing analysis output; retained unchanged for audit	review_or_regenerate_for_publication	main_or_supp_review_candidate	stem:stromal_fibroblast_aging_vs_treatment	No original file was deleted or modified.	128496	a98b6dde170fd7daf143414933bb8e2e157a549295b8272f4366d4ee5e3cdfe9
figures/de_stage1_5/Stromal_fibroblast_recovery_fraction.png	stage1_5	bar_or_summary	Stromal_fibroblast			existing analysis output; retained unchanged for audit	review_or_regenerate_for_publication	main_or_supp_review_candidate	stem:stromal_fibroblast_recovery_fraction	No original file was deleted or modified.	35885	fb2dfb61d03dbce38386deec86e35eb709182ae7c1166cac642485374c59715c
figures/de_stage1_5/Stromal_fibroblast_rescue_classification_counts.png	stage1_5	bar_or_summary	Stromal_fibroblast			existing analysis output; retained unchanged for audit	review_or_regenerate_for_publication	main_or_supp_review_candidate	stem:stromal_fibroblast_rescue_classification_counts	No original file was deleted or modified.	82640	28e9d8327697470fec5ea2ef36269dbe782f19cd4cf7cccc6c7b5e271d17b88b
figures/de_stage1_5/Theca_steroidogenic_aging_vs_residual.png	stage1_5	other	Theca_steroidogenic	OC_vs_Y;OT_vs_OC		existing analysis output; retained unchanged for audit	review_or_regenerate_for_publication	main_or_supp_review_candidate	stem:theca_steroidogenic_aging_vs_residual	No original file was deleted or modified.	116437	6b490a795170af37b9b342150bbf22b16aef5f10a7a0a6240af5e069c5badfa6
figures/de_stage1_5/Theca_steroidogenic_aging_vs_treatment.png	stage1_5	other	Theca_steroidogenic	OC_vs_Y;OT_vs_OC		existing analysis output; retained unchanged for audit	review_or_regenerate_for_publication	main_or_supp_review_candidate	stem:theca_steroidogenic_aging_vs_treatment	No original file was deleted or modified.	129019	8cb43e185473283eb6f2bf6c2a93177c892c89c36bd8a6c0c668c4052dc45eda
figures/de_stage1_5/Theca_steroidogenic_recovery_fraction.png	stage1_5	bar_or_summary	Theca_steroidogenic			existing analysis output; retained unchanged for audit	review_or_regenerate_for_publication	main_or_supp_review_candidate	stem:theca_steroidogenic_recovery_fraction	No original file was deleted or modified.	39414	0f09a6724881faf55489e8f984259e729014c2612eb4f247401a998ace79665b
figures/de_stage1_5/Theca_steroidogenic_rescue_classification_counts.png	stage1_5	bar_or_summary	Theca_steroidogenic			existing analysis output; retained unchanged for audit	review_or_regenerate_for_publication	main_or_supp_review_candidate	stem:theca_steroidogenic_rescue_classification_counts	No original file was deleted or modified.	82799	a856b5e56c62edd5b2adcfa3b32aad12ff52cc4f84c00cb5ad3eb066e5311ecd
figures/de_stage1_5/Vascular_endothelial_aging_vs_residual.png	stage1_5	other		OC_vs_Y;OT_vs_OC		existing analysis output; retained unchanged for audit	review_or_regenerate_for_publication	main_or_supp_review_candidate	stem:vascular_endothelial_aging_vs_residual	No original file was deleted or modified.	133364	f4e95703ff6f555ca0916fdb8a580c07826d91ac3760e2a0f878f63ae0e5226a
figures/de_stage1_5/Vascular_endothelial_aging_vs_treatment.png	stage1_5	other		OC_vs_Y;OT_vs_OC		existing analysis output; retained unchanged for audit	review_or_regenerate_for_publication	main_or_supp_review_candidate	stem:vascular_endothelial_aging_vs_treatment	No original file was deleted or modified.	149109	cb4f33a94c8da8e1606db5fc562f5dfb15eae931cd3e9da302b92f174bfdc51e
figures/de_stage1_5/Vascular_endothelial_recovery_fraction.png	stage1_5	bar_or_summary				existing analysis output; retained unchanged for audit	review_or_regenerate_for_publication	main_or_supp_review_candidate	stem:vascular_endothelial_recovery_fraction	No original file was deleted or modified.	40500	940571a7feac20900f2fba0efaeb2e89d49f103578f44bb888034968fa885322
figures/de_stage1_5/Vascular_endothelial_rescue_classification_counts.png	stage1_5	bar_or_summary				existing analysis output; retained unchanged for audit	review_or_regenerate_for_publication	main_or_supp_review_candidate	stem:vascular_endothelial_rescue_classification_counts	No original file was deleted or modified.	79687	0e1af6b5092413c6c92d56221f03d85f43e47c2899416c3c0c3bad134da4ad92
figures/de_stage1_6/observed_vs_permutation_FDR_supported_rescue_fraction.png	stage1_6	bar_or_summary				existing analysis output; retained unchanged for audit	review_or_regenerate_for_publication	main_or_supp_review_candidate	stem:observed_vs_permutation_fdr_supported_rescue_fraction	No original file was deleted or modified.	218502	2060b153710391d2694b7d913159a97f0c1b00e86f226743ed18296d5451c94a
figures/de_stage1_6/observed_vs_permutation_aging_treatment_spearman.png	stage1_6	other		OC_vs_Y;OT_vs_OC		existing analysis output; retained unchanged for audit	review_or_regenerate_for_publication	main_or_supp_review_candidate	stem:observed_vs_permutation_aging_treatment_spearman	No original file was deleted or modified.	262893	0da71460ca3017bda79526a2a0ac3bb05d6d2395413c4a4535de890d21a65ce2
figures/de_stage1_6/observed_vs_permutation_cosine_similarity.png	stage1_6	other				existing analysis output; retained unchanged for audit	review_or_regenerate_for_publication	main_or_supp_review_candidate	stem:observed_vs_permutation_cosine_similarity	No original file was deleted or modified.	273084	a7f78b8c1e7c6bf37469e9ca7c092c2be78c21b91e1c38cdc505e50815666c21
figures/de_stage1_6/observed_vs_permutation_directional_rescue_fraction.png	stage1_6	bar_or_summary				existing analysis output; retained unchanged for audit	review_or_regenerate_for_publication	main_or_supp_review_candidate	stem:observed_vs_permutation_directional_rescue_fraction	No original file was deleted or modified.	221109	74b8abd96244d8175a1242cd4656ca088aace4c9ebd03b75bbcc6639376bccef
figures/de_stage1_6/treatment_to_aging_effect_magnitude_distributions.png	stage1_6	other		OC_vs_Y;OT_vs_OC		existing analysis output; retained unchanged for audit	review_or_regenerate_for_publication	main_or_supp_review_candidate	stem:treatment_to_aging_effect_magnitude_distributions	No original file was deleted or modified.	227296	df94ecfde06f289eade16fb51ead9b464a2f61e8a02574fddac961bbc85e167a
figures/exploratory/leiden_qc.png	exploratory	other				existing analysis output; retained unchanged for audit	diagnostic_or_supplementary	supplement_candidate	stem:leiden_qc	No original file was deleted or modified.	647777	3f843bed3981acb14691f4076952051549e0cfc7a6d978b71511ee803001d142
figures/exploratory/leiden_resolution_comparison.png	exploratory	other				existing analysis output; retained unchanged for audit	diagnostic_or_supplementary	supplement_candidate	stem:leiden_resolution_comparison	No original file was deleted or modified.	1889489	5d74eeeeaf5b561f951b40b551a954b199bb1dec0fb1b99856919f521b4fbb3a
figures/exploratory/pca_scree.png	exploratory	other				existing analysis output; retained unchanged for audit	diagnostic_or_supplementary	supplement_candidate	stem:pca_scree	No original file was deleted or modified.	93152	46460e6db881c2e129d440f61c4ea6986958254d3200112092ff5506aeadffa9
figures/exploratory/umap_doublet.png	exploratory	umap				existing analysis output; retained unchanged for audit	diagnostic_or_supplementary	supplement_candidate	stem:umap_doublet	No original file was deleted or modified.	1579036	7b053a3e0b2df7f2e4a7b8157eb0d3bae83311d522af07cc28602103aa8b6231
figures/exploratory/umap_group.png	exploratory	umap				existing analysis output; retained unchanged for audit	diagnostic_or_supplementary	supplement_candidate	stem:umap_group	No original file was deleted or modified.	780056	69d222098cbb9d4644079e22a34f3e09902318f8b0344c59258595e23d2c9ea2
figures/exploratory/umap_library.png	exploratory	umap				existing analysis output; retained unchanged for audit	diagnostic_or_supplementary	supplement_candidate	stem:umap_library	No original file was deleted or modified.	781421	9e0ecd46712e440519a8c1268daa4d5010ecea46a96119c19fdd219a9889d869
figures/exploratory/umap_mt.png	exploratory	umap				existing analysis output; retained unchanged for audit	diagnostic_or_supplementary	supplement_candidate	stem:umap_mt	No original file was deleted or modified.	3151041	af743a4d53f34a810fe75a4e5e25164921868bdb854a6a780db2cf3190b6f9b1
figures/exploratory/umap_qc_metrics.png	exploratory	umap				existing analysis output; retained unchanged for audit	diagnostic_or_supplementary	supplement_candidate	stem:umap_qc_metrics	No original file was deleted or modified.	2387798	293b04a61810a344eeee272db9e914939641fe9752f723e1eefedf8256878a22
figures/integration_qc_review/biological_structure_preservation.pdf	integration_qc_review	other				existing analysis output; retained unchanged for audit	diagnostic_or_supplementary	supplement_candidate	stem:biological_structure_preservation	No original file was deleted or modified.	20167	c2d79b2a046b25c97b4ea6291b139074197589b7a0fa64026c5c9c9d17e88948
figures/integration_qc_review/biological_structure_preservation.png	integration_qc_review	other				existing analysis output; retained unchanged for audit	diagnostic_or_supplementary	supplement_candidate	stem:biological_structure_preservation	No original file was deleted or modified.	94992	6cda10c053f0736236f36fb88298e921b9a46b8be0592722cffa7e061d7f51df
figures/integration_qc_review/cluster_qc_heatmap.pdf	integration_qc_review	heatmap				existing analysis output; retained unchanged for audit	diagnostic_or_supplementary	supplement_candidate	stem:cluster_qc_heatmap	No original file was deleted or modified.	24996	3d7322fa389ed2a82ef0a0c1ce2b5b934d01d1a05970f52026bd7212ef8d53e2
figures/integration_qc_review/cluster_qc_heatmap.png	integration_qc_review	heatmap				existing analysis output; retained unchanged for audit	diagnostic_or_supplementary	supplement_candidate	stem:cluster_qc_heatmap	No original file was deleted or modified.	106498	438db1c253eed165148577c655ac81c94e31349c5c2048093259454ad710284a
figures/integration_qc_review/leiden_resolution_comparison.pdf	integration_qc_review	other				existing analysis output; retained unchanged for audit	diagnostic_or_supplementary	supplement_candidate	stem:leiden_resolution_comparison	No original file was deleted or modified.	255610	23883f4455c2b57879234afe0426a646852878bf276631692ed5ea24dfc29372
figures/integration_qc_review/leiden_resolution_comparison.png	integration_qc_review	other				existing analysis output; retained unchanged for audit	diagnostic_or_supplementary	supplement_candidate	stem:leiden_resolution_comparison	No original file was deleted or modified.	2855508	95d67652ebaac865a677ef8eabcdf5730f391508657817cdcb49a81337d7fea4
figures/integration_qc_review/leiden_transition_heatmaps.pdf	integration_qc_review	heatmap				existing analysis output; retained unchanged for audit	diagnostic_or_supplementary	supplement_candidate	stem:leiden_transition_heatmaps	No original file was deleted or modified.	59195	946a226b4cd8b8998a45e6b613c1bd810b3d0b055ebdf5fa0ac2dadc8c00359c
figures/integration_qc_review/leiden_transition_heatmaps.png	integration_qc_review	heatmap				existing analysis output; retained unchanged for audit	diagnostic_or_supplementary	supplement_candidate	stem:leiden_transition_heatmaps	No original file was deleted or modified.	157500	00c2233e0af688a0d3fb003e1e2718c9f79fda76c2be2dbd35b6bb032d5716fe
figures/integration_qc_review/neighbor_mixing_change.pdf	integration_qc_review	other				existing analysis output; retained unchanged for audit	diagnostic_or_supplementary	supplement_candidate	stem:neighbor_mixing_change	No original file was deleted or modified.	21887	5206a7e1d78333bae21324f25f2b17bbfde6fd153ab65d5f5a71a58fe1825278
figures/integration_qc_review/neighbor_mixing_change.png	integration_qc_review	other				existing analysis output; retained unchanged for audit	diagnostic_or_supplementary	supplement_candidate	stem:neighbor_mixing_change	No original file was deleted or modified.	157834	e99ae43979f73d14ad7e037177e01b77d664a6ef467f10c10b9bc1f08ab3dcde
figures/integration_qc_review/small_cluster_review.pdf	integration_qc_review	other				existing analysis output; retained unchanged for audit	diagnostic_or_supplementary	supplement_candidate	stem:small_cluster_review	No original file was deleted or modified.	85109	01dfdd031b666f2b9a380f575b6060e4f1317fbdf6a2e483439c087ba94aea68
figures/integration_qc_review/small_cluster_review.png	integration_qc_review	other				existing analysis output; retained unchanged for audit	diagnostic_or_supplementary	supplement_candidate	stem:small_cluster_review	No original file was deleted or modified.	493184	aa4f7756128fd4689397de6318abc74d56e3d01136547e172b229d1745d619fa
figures/integration_qc_review/umap_broad_lineage_pre_post.pdf	integration_qc_review	umap				existing analysis output; retained unchanged for audit	diagnostic_or_supplementary	supplement_candidate	stem:umap_broad_lineage_pre_post	No original file was deleted or modified.	93496	27ff3fc6c1658414d13250eddcb213c8d7ad3e72f7e3cea3fbfc107991c1ef65
figures/integration_qc_review/umap_broad_lineage_pre_post.png	integration_qc_review	umap				existing analysis output; retained unchanged for audit	diagnostic_or_supplementary	supplement_candidate	stem:umap_broad_lineage_pre_post	No original file was deleted or modified.	1303096	1609773fd91906bbd89b123376cf6458faa501811ab18078023654d9676a6fa0
figures/integration_qc_review/umap_library_group_pre_post.pdf	integration_qc_review	umap				existing analysis output; retained unchanged for audit	diagnostic_or_supplementary	supplement_candidate	stem:umap_library_group_pre_post	No original file was deleted or modified.	487202	26fa558862743e2f0f40b846cc8b1804b2f9eb025f2c3fd6461d5ecb95361c75
figures/integration_qc_review/umap_library_group_pre_post.png	integration_qc_review	umap				existing analysis output; retained unchanged for audit	diagnostic_or_supplementary	supplement_candidate	stem:umap_library_group_pre_post	No original file was deleted or modified.	3363304	3c0f9852c0b58508a7b856c4f68f49134a8042c4c317abd9b9687dd51c782b3d
figures/integration_qc_review/umap_marker_programs_pre_post.pdf	integration_qc_review	umap				existing analysis output; retained unchanged for audit	diagnostic_or_supplementary	supplement_candidate	stem:umap_marker_programs_pre_post	No original file was deleted or modified.	1704158	2bd0bc0f01da986f69888bc26536a0ec8355eb188f9290396a5c3d8c68464f01
figures/integration_qc_review/umap_marker_programs_pre_post.png	integration_qc_review	umap				existing analysis output; retained unchanged for audit	diagnostic_or_supplementary	supplement_candidate	stem:umap_marker_programs_pre_post	No original file was deleted or modified.	7586925	9c7bb0d4e743b036fa70bf5aed7fc59bf3fcc8d46dc182afe962ff5c2918452b
figures/integration_qc_review/umap_stage1_qc_candidates.pdf	stage1	umap				existing analysis output; retained unchanged for audit	diagnostic_or_supplementary	supplement_candidate	stem:umap_stage1_qc_candidates	No original file was deleted or modified.	451177	51c94d92cba06e123b51d0457ab89b0ec97aa4345c596b81118f7dac84b1cc9d
figures/integration_qc_review/umap_stage1_qc_candidates.png	stage1	umap				existing analysis output; retained unchanged for audit	diagnostic_or_supplementary	supplement_candidate	stem:umap_stage1_qc_candidates	No original file was deleted or modified.	2243013	4cdc6bb679f29a8d72baf9d0a857d8c2781f29332f8bd69a1564d1c7ed6efbd9
figures/pathway_stage2/aging_vs_treatment_hallmark_direction_map.png	stage2	other		OC_vs_Y;OT_vs_OC		existing analysis output; retained unchanged for audit	review_or_regenerate_for_publication	main_or_supp_review_candidate	stem:aging_vs_treatment_hallmark_direction_map	No original file was deleted or modified.	475557	a2b2ed29645df0695fec3ababcc0d384f851e9ce90681e88c14d62fa6cf8fecc
figures/pathway_stage2/exact_permutation_top_pathways__Granulosa.png	stage2	other	Granulosa			existing analysis output; retained unchanged for audit	review_or_regenerate_for_publication	main_or_supp_review_candidate	stem:exact_permutation_top_pathways_granulosa	No original file was deleted or modified.	521991	b7ff34f196986e2e15b52d453b67d9a4c3d35a0dbc399aa315669bd531679d0f
figures/pathway_stage2/exact_permutation_top_pathways__Stromal_fibroblast.png	stage2	other	Stromal_fibroblast			existing analysis output; retained unchanged for audit	review_or_regenerate_for_publication	main_or_supp_review_candidate	stem:exact_permutation_top_pathways_stromal_fibroblast	No original file was deleted or modified.	529051	b9c48570bf6e713d5a2127be3e66472c651dca4e53570d55eaca19a29316ec99
figures/pathway_stage2/gene_effect_scatter__Granulosa__HALLMARK_ANDROGEN_RESPONSE.png	stage2	scatter	Granulosa			existing analysis output; retained unchanged for audit	review_or_regenerate_for_publication	main_or_supp_review_candidate	stem:gene_effect_scatter_granulosa_hallmark_androgen_response	No original file was deleted or modified.	109175	1a0d97b9036d13994c43b76b0e5a28d7c98b73fa1a12d5ce626c1555bce903bc
figures/pathway_stage2/gene_effect_scatter__Granulosa__HALLMARK_ESTROGEN_RESPONSE_LATE.png	stage2	scatter	Granulosa			existing analysis output; retained unchanged for audit	review_or_regenerate_for_publication	main_or_supp_review_candidate	stem:gene_effect_scatter_granulosa_hallmark_estrogen_response_late	No original file was deleted or modified.	112003	58207eac04a38e8b803a992d061dea7f935d78ce21f7673da8b9d5abdcf58cc9
figures/pathway_stage2/gene_effect_scatter__Granulosa__HALLMARK_INFLAMMATORY_RESPONSE.png	stage2	scatter	Granulosa			existing analysis output; retained unchanged for audit	review_or_regenerate_for_publication	main_or_supp_review_candidate	stem:gene_effect_scatter_granulosa_hallmark_inflammatory_response	No original file was deleted or modified.	111739	31e10c380da2bb5efeac315e9c5dba632d15aebaa41d73391e3f649c3a7f26ca
figures/pathway_stage2/gene_effect_scatter__Granulosa__HALLMARK_MITOTIC_SPINDLE.png	stage2	scatter	Granulosa			existing analysis output; retained unchanged for audit	review_or_regenerate_for_publication	main_or_supp_review_candidate	stem:gene_effect_scatter_granulosa_hallmark_mitotic_spindle	No original file was deleted or modified.	124898	e4b203b7118c2a5cb58c0e31ae36144a3b25a8f84bf809c34fdd2c558fee44d8
figures/pathway_stage2/gene_effect_scatter__Granulosa__HALLMARK_PROTEIN_SECRETION.png	stage2	scatter	Granulosa			existing analysis output; retained unchanged for audit	review_or_regenerate_for_publication	main_or_supp_review_candidate	stem:gene_effect_scatter_granulosa_hallmark_protein_secretion	No original file was deleted or modified.	107715	c5dea5867fa4376a2362ee52814356a22370fcfaab63af79d794e0113866deff
figures/pathway_stage2/gene_effect_scatter__Stromal_fibroblast__HALLMARK_MYC_TARGETS_V1.png	stage2	scatter	Stromal_fibroblast			existing analysis output; retained unchanged for audit	review_or_regenerate_for_publication	main_or_supp_review_candidate	stem:gene_effect_scatter_stromal_fibroblast_hallmark_myc_targets	No original file was deleted or modified.	138361	ecd4a7c7db8dc974a95dd7962003d4d7f8b9ce11d78144a7c942af21480d7d9b
figures/pathway_stage2/gene_effect_scatter__Stromal_fibroblast__HALLMARK_MYC_TARGETS_V2.png	stage2	scatter	Stromal_fibroblast			existing analysis output; retained unchanged for audit	review_or_regenerate_for_publication	main_or_supp_review_candidate	stem:gene_effect_scatter_stromal_fibroblast_hallmark_myc_targets	No original file was deleted or modified.	102281	876c5c6ff22dced4f4dbacb9ab935456f57c57e171af2c2f11aeb86aa1c88b76
figures/pathway_stage2/gene_effect_scatter__Stromal_fibroblast__HALLMARK_MYOGENESIS.png	stage2	scatter	Stromal_fibroblast			existing analysis output; retained unchanged for audit	review_or_regenerate_for_publication	main_or_supp_review_candidate	stem:gene_effect_scatter_stromal_fibroblast_hallmark_myogenesis	No original file was deleted or modified.	106701	2cc3f50b2593e50d87450036e7ccea6a81b49ffc72f030fbb15267197806d279
figures/pathway_stage2/gene_effect_scatter__Stromal_fibroblast__HALLMARK_OXIDATIVE_PHOSPHORYLATION.png	stage2	scatter	Stromal_fibroblast			existing analysis output; retained unchanged for audit	review_or_regenerate_for_publication	main_or_supp_review_candidate	stem:gene_effect_scatter_stromal_fibroblast_hallmark_oxidative_phosphorylation	No original file was deleted or modified.	142782	e0247fcbba74041a25d325b35f5471a7d2895b0cd0db9bcc5db530f446189c93
figures/pathway_stage2/gene_effect_scatter__Stromal_fibroblast__HALLMARK_PROTEIN_SECRETION.png	stage2	scatter	Stromal_fibroblast			existing analysis output; retained unchanged for audit	review_or_regenerate_for_publication	main_or_supp_review_candidate	stem:gene_effect_scatter_stromal_fibroblast_hallmark_protein_secretion	No original file was deleted or modified.	113535	302209379d923ba7aca0a9202eadaef9f626216edb92fc0bcd124f2ff7f93749
figures/pathway_stage2/hallmark_nes_aging_overview_heatmap.png	stage2	heatmap		OC_vs_Y;OT_vs_OC		existing analysis output; retained unchanged for audit	review_or_regenerate_for_publication	main_or_supp_review_candidate	stem:hallmark_nes_aging_overview_heatmap	No original file was deleted or modified.	577020	d1388baecca6758ca09d65b916c1581ce231f819f3964554dc2ca961f4badbd6
figures/pathway_stage2/hallmark_nes_residual_overview_heatmap.png	stage2	heatmap				existing analysis output; retained unchanged for audit	review_or_regenerate_for_publication	main_or_supp_review_candidate	stem:hallmark_nes_residual_overview_heatmap	No original file was deleted or modified.	589361	6e3343ed992cc9b58c8b58b16aa362adfe7d3d000396cb95e08531b7e189ce96
figures/pathway_stage2/hallmark_nes_treatment_overview_heatmap.png	stage2	heatmap		OC_vs_Y;OT_vs_OC		existing analysis output; retained unchanged for audit	review_or_regenerate_for_publication	main_or_supp_review_candidate	stem:hallmark_nes_treatment_overview_heatmap	No original file was deleted or modified.	558449	abdc4e461d41a22652d5c0175ce3b428c94f67577657c6427f369d3b65e9a231
figures/pathway_stage2/primary_population_pathway_reversal_heatmap.png	stage2	heatmap		OC_vs_Y;OT_vs_OC		existing analysis output; retained unchanged for audit	review_or_regenerate_for_publication	main_or_supp_review_candidate	stem:primary_population_pathway_reversal_heatmap	No original file was deleted or modified.	460113	cdc3ed27a2e230044f81e7c972b5cc12d096aa54d1fd845f0df5c2db9d9bd922
figures/qc_sensitivity/counts_vs_genes_candidates_3_MAD.png	qc_sensitivity	bar_or_summary				existing analysis output; retained unchanged for audit	diagnostic_or_supplementary	supplement_candidate	stem:counts_vs_genes_candidates_3_mad	No original file was deleted or modified.	684449	bff2609a8a0f3de3c85892fe6fd839c59cfb3afc2ef86e4b39a5cc1c1ae44f54
figures/qc_sensitivity/counts_vs_genes_candidates_4_MAD.png	qc_sensitivity	bar_or_summary				existing analysis output; retained unchanged for audit	diagnostic_or_supplementary	supplement_candidate	stem:counts_vs_genes_candidates_4_mad	No original file was deleted or modified.	670943	74a7da4d37db847210e49b85d5236a97c89fe2539b7d2ba408b9b2b25adfa4a7
figures/qc_sensitivity/counts_vs_genes_candidates_5_MAD.png	qc_sensitivity	bar_or_summary				existing analysis output; retained unchanged for audit	diagnostic_or_supplementary	supplement_candidate	stem:counts_vs_genes_candidates_5_mad	No original file was deleted or modified.	647893	71addaae9551dd07a44bd4bad01f214bdffca28c2bf9ebfdc6f311c2c4a23a00
figures/qc_sensitivity/doublet_score_vs_n_genes_by_library.png	qc_sensitivity	other				existing analysis output; retained unchanged for audit	diagnostic_or_supplementary	supplement_candidate	stem:doublet_score_vs_n_genes_by_library	No original file was deleted or modified.	978773	04042c92a436e6cbbb06f39d336b00c897105d5d25254f212f97728a1a935b2a
figures/qc_sensitivity/doublet_score_vs_total_counts_by_library.png	qc_sensitivity	bar_or_summary				existing analysis output; retained unchanged for audit	diagnostic_or_supplementary	supplement_candidate	stem:doublet_score_vs_total_counts_by_library	No original file was deleted or modified.	1066139	0fbf68ebbf3d153fb67f7ef83a3db1e7ece33f205397706c366e128212542dd7
figures/qc_sensitivity/mt_distribution_thresholds_0_to_30_pct.png	qc_sensitivity	other				existing analysis output; retained unchanged for audit	diagnostic_or_supplementary	supplement_candidate	stem:mt_distribution_thresholds_0_to_30_pct	No original file was deleted or modified.	129253	800e9f6bdc8d9c25efec45fe089667f8b076663acd7dfc11d3ab91ed7300f5b9
figures/qc_sensitivity/mt_distribution_thresholds_full_range.png	qc_sensitivity	other				existing analysis output; retained unchanged for audit	diagnostic_or_supplementary	supplement_candidate	stem:mt_distribution_thresholds_full_range	No original file was deleted or modified.	130958	9f3ad5727b67a0f2bfb08783d25b634a296c0bc7a79d71bb368d276ee46b65eb
figures/qc_sensitivity/mt_pct_vs_n_genes_by_library.png	qc_sensitivity	other				existing analysis output; retained unchanged for audit	diagnostic_or_supplementary	supplement_candidate	stem:mt_pct_vs_n_genes_by_library	No original file was deleted or modified.	1470754	2c099f3ea17d41021e653a8db61a43f5c1af11b9ec4d4a88177d2c2351e691d6
figures/qc_sensitivity/mt_pct_vs_total_counts_by_library.png	qc_sensitivity	bar_or_summary				existing analysis output; retained unchanged for audit	diagnostic_or_supplementary	supplement_candidate	stem:mt_pct_vs_total_counts_by_library	No original file was deleted or modified.	1632950	bc9791853ea4cfb497b785354f1b07723932f847292d2ac29f97809699e28446
figures/qc_sensitivity/scrublet_score_distribution_OC_1.png	qc_sensitivity	other				existing analysis output; retained unchanged for audit	diagnostic_or_supplementary	supplement_candidate	stem:scrublet_score_distribution_oc_1	No original file was deleted or modified.	53923	637ff5bb5c12a6ceaeceaff2c0cc9809175c6a696946fb143dc75abb70ce28f2
figures/qc_sensitivity/scrublet_score_distribution_OC_2.png	qc_sensitivity	other				existing analysis output; retained unchanged for audit	diagnostic_or_supplementary	supplement_candidate	stem:scrublet_score_distribution_oc_2	No original file was deleted or modified.	55054	109db80975fa9b822b91290e3f69c5daff20cbd12bfc376076146d79caf2d2f8
figures/qc_sensitivity/scrublet_score_distribution_OC_3.png	qc_sensitivity	other				existing analysis output; retained unchanged for audit	diagnostic_or_supplementary	supplement_candidate	stem:scrublet_score_distribution_oc_3	No original file was deleted or modified.	54567	1fab4c41fac12c1c47cff0b4df5cd65fa5443d288bce644ae7550178d45bb6fb
figures/qc_sensitivity/scrublet_score_distribution_OT_1.png	qc_sensitivity	other				existing analysis output; retained unchanged for audit	diagnostic_or_supplementary	supplement_candidate	stem:scrublet_score_distribution_ot_1	No original file was deleted or modified.	54728	9ed2017dbaca44f1e25a5d8f11c33f0a46df289a6bbade2f9025a2c2faab0140
figures/qc_sensitivity/scrublet_score_distribution_OT_2.png	qc_sensitivity	other				existing analysis output; retained unchanged for audit	diagnostic_or_supplementary	supplement_candidate	stem:scrublet_score_distribution_ot_2	No original file was deleted or modified.	55299	8e8321cc8629ddfeeaa13c57a402d2de3efa857849f59323abfe3c142a40bbc2
figures/qc_sensitivity/scrublet_score_distribution_OT_3.png	qc_sensitivity	other				existing analysis output; retained unchanged for audit	diagnostic_or_supplementary	supplement_candidate	stem:scrublet_score_distribution_ot_3	No original file was deleted or modified.	54874	b746067b481476fbf3ecd58e85a15e68e1855879c5b2f9d82459205b8566d680
figures/qc_sensitivity/scrublet_score_distribution_Y_1.png	qc_sensitivity	other				existing analysis output; retained unchanged for audit	diagnostic_or_supplementary	supplement_candidate	stem:scrublet_score_distribution_y_1	No original file was deleted or modified.	52020	ae91daf05d4e530f3c09a93cdda4304aa0a607e9e3ead3d4fdf252b6b2d1a542
figures/qc_sensitivity/scrublet_score_distribution_Y_2.png	qc_sensitivity	other				existing analysis output; retained unchanged for audit	diagnostic_or_supplementary	supplement_candidate	stem:scrublet_score_distribution_y_2	No original file was deleted or modified.	54924	885770ef4e3881b4a750e0243f0b8fef2cb586a46f7b98e0aba2f20f6c40a105
figures/qc_sensitivity/scrublet_score_distribution_Y_3.png	qc_sensitivity	other				existing analysis output; retained unchanged for audit	diagnostic_or_supplementary	supplement_candidate	stem:scrublet_score_distribution_y_3	No original file was deleted or modified.	54910	0a1a9f664fa88812b42bcb5805b59b577f8c930bebcabeddc4cc858c23078d2b
figures/stage4_composition_decomposition/aitchison_distance_to_young.png	stage4	bar_or_summary				existing analysis output; retained unchanged for audit	review_or_regenerate_for_publication	main_or_supp_review_candidate	stem:aitchison_distance_to_young	No original file was deleted or modified.	56563	0088611e54db1b6edf7597b1d1c51d63687760e3bf3a8de70ca6e048f7f00c59
figures/stage4_composition_decomposition/composition__Granulosa.png	stage4	bar_or_summary	Granulosa			existing analysis output; retained unchanged for audit	review_or_regenerate_for_publication	main_or_supp_review_candidate	stem:composition_granulosa	No original file was deleted or modified.	69451	2e5e2f1da77f5f025c92e0c3307efe51fba0d712c6c4d2504efaf03d2289e8f3
figures/stage4_composition_decomposition/composition__Stromal_fibroblast.png	stage4	bar_or_summary	Stromal_fibroblast			existing analysis output; retained unchanged for audit	review_or_regenerate_for_publication	main_or_supp_review_candidate	stem:composition_stromal_fibroblast	No original file was deleted or modified.	64702	ee491b090c9360e507612e30fa23afc0805b78ed7f2976c5ed3a47323569afa4
figures/stage5_rejuvenation_geometry/aging_axis_projection__Granulosa.png	stage5	other	Granulosa	OC_vs_Y;OT_vs_OC		existing analysis output; retained unchanged for audit	review_or_regenerate_for_publication	main_or_supp_review_candidate	stem:aging_axis_projection_granulosa	No original file was deleted or modified.	57007	afb8d0ea16f81b249b695e2ad92de4d966f488077e6f1a76eccb3065eef4f3e0
figures/stage5_rejuvenation_geometry/aging_axis_projection__Immune.png	stage5	other	Immune	OC_vs_Y;OT_vs_OC		existing analysis output; retained unchanged for audit	review_or_regenerate_for_publication	main_or_supp_review_candidate	stem:aging_axis_projection_immune	No original file was deleted or modified.	56064	47260b8a99f796a4bd4d1f39efc11416a346d53a0067a41a49cd706a2ab09ba6
figures/stage5_rejuvenation_geometry/aging_axis_projection__Ovarian_epithelial.png	stage5	other		OC_vs_Y;OT_vs_OC		existing analysis output; retained unchanged for audit	review_or_regenerate_for_publication	main_or_supp_review_candidate	stem:aging_axis_projection_ovarian_epithelial	No original file was deleted or modified.	57786	72ce9b19df70fcbd5e9b532c73fd7c959d9e64534fc4bc1ced8c4daa28495e29
figures/stage5_rejuvenation_geometry/aging_axis_projection__Smooth_muscle_pericyte.png	stage5	other		OC_vs_Y;OT_vs_OC		existing analysis output; retained unchanged for audit	review_or_regenerate_for_publication	main_or_supp_review_candidate	stem:aging_axis_projection_smooth_muscle_pericyte	No original file was deleted or modified.	59077	779516ef4e7a93e75a6b7f95407168feec22846591b1810e706c470d9f5c7533
figures/stage5_rejuvenation_geometry/aging_axis_projection__Stromal_fibroblast.png	stage5	other	Stromal_fibroblast	OC_vs_Y;OT_vs_OC		existing analysis output; retained unchanged for audit	review_or_regenerate_for_publication	main_or_supp_review_candidate	stem:aging_axis_projection_stromal_fibroblast	No original file was deleted or modified.	59346	fe42f6e6b0057e01137bb6f0c8c49c886b854b75b00d274b674d3d206c20ff1b
figures/stage5_rejuvenation_geometry/aging_axis_projection__Theca_steroidogenic.png	stage5	other	Theca_steroidogenic	OC_vs_Y;OT_vs_OC		existing analysis output; retained unchanged for audit	review_or_regenerate_for_publication	main_or_supp_review_candidate	stem:aging_axis_projection_theca_steroidogenic	No original file was deleted or modified.	58732	410fa3d168030fae8f7b03cb0465906b934b8287ceed2072949524abe57714e9
figures/stage5_rejuvenation_geometry/aging_axis_projection__Vascular_endothelial.png	stage5	other		OC_vs_Y;OT_vs_OC		existing analysis output; retained unchanged for audit	review_or_regenerate_for_publication	main_or_supp_review_candidate	stem:aging_axis_projection_vascular_endothelial	No original file was deleted or modified.	58579	d5660eed138c57b2b0637c196842634fa7cdf8f66a41212957b21e999d23c48a
figures/stage5_rejuvenation_geometry/distance_to_young_primary.png	stage5	other				existing analysis output; retained unchanged for audit	review_or_regenerate_for_publication	main_or_supp_review_candidate	stem:distance_to_young_primary	No original file was deleted or modified.	131510	0a93b9b32c46b1af5fc57d22795471bd721f160b9b1288b5f3e7b0c5e5a677b3
figures/stage5_rejuvenation_geometry/sample_pca__Granulosa.png	stage5	other	Granulosa			existing analysis output; retained unchanged for audit	review_or_regenerate_for_publication	main_or_supp_review_candidate	stem:sample_pca_granulosa	No original file was deleted or modified.	45096	e884530c16eabe543e7de8da51dac97563e0fcd7069e6a2258dc239d444d56c5
figures/stage5_rejuvenation_geometry/sample_pca__Immune.png	stage5	other	Immune			existing analysis output; retained unchanged for audit	review_or_regenerate_for_publication	main_or_supp_review_candidate	stem:sample_pca_immune	No original file was deleted or modified.	46085	4227b8b9268121d8e5ee060864d28d6870f79f91da7ea5697906387cac072517
figures/stage5_rejuvenation_geometry/sample_pca__Ovarian_epithelial.png	stage5	other				existing analysis output; retained unchanged for audit	review_or_regenerate_for_publication	main_or_supp_review_candidate	stem:sample_pca_ovarian_epithelial	No original file was deleted or modified.	45858	24908c6a5fbd72d221945cedcf8294244011789c8deb950b111e9d2f3b91fab7
figures/stage5_rejuvenation_geometry/sample_pca__Smooth_muscle_pericyte.png	stage5	other				existing analysis output; retained unchanged for audit	review_or_regenerate_for_publication	main_or_supp_review_candidate	stem:sample_pca_smooth_muscle_pericyte	No original file was deleted or modified.	47304	84533c02474a76d6764f4f689825c9866e7a612fa0f8fdc1fcaf2b31fb10d916
figures/stage5_rejuvenation_geometry/sample_pca__Stromal_fibroblast.png	stage5	other	Stromal_fibroblast			existing analysis output; retained unchanged for audit	review_or_regenerate_for_publication	main_or_supp_review_candidate	stem:sample_pca_stromal_fibroblast	No original file was deleted or modified.	47115	bc586dab1ad1acc1ce4d65e69723de1d22279ac3093b3e0e82463eb2ac8b298d
figures/stage5_rejuvenation_geometry/sample_pca__Theca_steroidogenic.png	stage5	other	Theca_steroidogenic			existing analysis output; retained unchanged for audit	review_or_regenerate_for_publication	main_or_supp_review_candidate	stem:sample_pca_theca_steroidogenic	No original file was deleted or modified.	48904	06fb0e691faa926dbf25f13587972e89302467cec76cc4fc884b6917b89f481e
figures/stage5_rejuvenation_geometry/sample_pca__Vascular_endothelial.png	stage5	other				existing analysis output; retained unchanged for audit	review_or_regenerate_for_publication	main_or_supp_review_candidate	stem:sample_pca_vascular_endothelial	No original file was deleted or modified.	46476	bbe775a3c9388754f49f9c8c3a1e539cf855bb195d1ca852adbcb1f41af9b2be
figures/subclustering/endothelial_umap_candidate_subtypes.pdf	subclustering	umap				existing analysis output; retained unchanged for audit	vector_existing_candidate	main_or_supp_review_candidate	stem:endothelial_umap_candidate_subtypes	No original file was deleted or modified.	52179	33cf9f3865894238358a7783f7169e1dc9252fd1ff6656346eedf2b2f50a21ae
figures/subclustering/endothelial_umap_clusters.pdf	subclustering	umap				existing analysis output; retained unchanged for audit	vector_existing_candidate	main_or_supp_review_candidate	stem:endothelial_umap_clusters	No original file was deleted or modified.	60684	b653336e385367a280a0923d1c060df7379b5797b71d3e914b8395ca75e02c89
figures/subclustering/endothelial_umap_library.pdf	subclustering	umap				existing analysis output; retained unchanged for audit	vector_existing_candidate	main_or_supp_review_candidate	stem:endothelial_umap_library	No original file was deleted or modified.	50831	60a04cfcf253420271b9485f28b73cd421db14c99ef9b274a2b234eaaa65e44a
figures/subclustering/epithelial_umap_candidate_subtypes.pdf	subclustering	umap				existing analysis output; retained unchanged for audit	vector_existing_candidate	main_or_supp_review_candidate	stem:epithelial_umap_candidate_subtypes	No original file was deleted or modified.	187992	8e02b3dc8ce9fba2baa13c0a7b7684d31f9aadd0feae94e06f35f467cc0db780
figures/subclustering/epithelial_umap_clusters.pdf	subclustering	umap				existing analysis output; retained unchanged for audit	vector_existing_candidate	main_or_supp_review_candidate	stem:epithelial_umap_clusters	No original file was deleted or modified.	202568	b7c0bdd8a201c5bb82c72ab39054bc06817cb7d68564c22cf2979e18323aded4
figures/subclustering/epithelial_umap_library.pdf	subclustering	umap				existing analysis output; retained unchanged for audit	vector_existing_candidate	main_or_supp_review_candidate	stem:epithelial_umap_library	No original file was deleted or modified.	172382	37e332b2a16e60f70280f7b77441d49081a1965449b06e21f35f6e83a7a9e561
figures/subclustering/follicular_canonical_marker_dotplot.pdf	subclustering	other				existing analysis output; retained unchanged for audit	vector_existing_candidate	main_or_supp_review_candidate	stem:follicular_canonical_marker_dotplot	No original file was deleted or modified.	182414	140c8c6d83126b7ed1912c1ff0952c0eebc87f8726b6c15abcb521561938d471
figures/subclustering/follicular_canonical_marker_dotplot.png	subclustering	other				existing analysis output; retained unchanged for audit	review_or_regenerate_for_publication	main_or_supp_review_candidate	stem:follicular_canonical_marker_dotplot	No original file was deleted or modified.	451899	416f6a7e2bce1c3af7003ae8e55b9fae5e9a375971543fa24250ceecf8bd055e
figures/subclustering/follicular_cell_cycle.pdf	subclustering	other				existing analysis output; retained unchanged for audit	vector_existing_candidate	main_or_supp_review_candidate	stem:follicular_cell_cycle	No original file was deleted or modified.	3975438	3bd5dd6a2bb672504d3bd9b4a918c95be56bca5360cb1b7b47c6f4045b0581db
figures/subclustering/follicular_cell_cycle.png	subclustering	other				existing analysis output; retained unchanged for audit	review_or_regenerate_for_publication	main_or_supp_review_candidate	stem:follicular_cell_cycle	No original file was deleted or modified.	978231	ab0d1687055bc3c64e582f4f022ae613e43ad4d979808d6ffb26451caf815556
figures/subclustering/follicular_cluster14_oocyte_review.pdf	subclustering	other				existing analysis output; retained unchanged for audit	vector_existing_candidate	main_or_supp_review_candidate	stem:follicular_cluster14_oocyte_review	No original file was deleted or modified.	27061	1e546cf0a521faa7c2e3a47a933642b9677687d396abc5eb7b366709867a7ea1
figures/subclustering/follicular_cluster14_oocyte_review.png	subclustering	other				existing analysis output; retained unchanged for audit	review_or_regenerate_for_publication	main_or_supp_review_candidate	stem:follicular_cluster14_oocyte_review	No original file was deleted or modified.	113387	9f29cba843cbe4e5394b36136d966cf8bc5401809e66da7ad5a859885f2407d4
figures/subclustering/follicular_cluster24_review.pdf	subclustering	other				existing analysis output; retained unchanged for audit	vector_existing_candidate	main_or_supp_review_candidate	stem:follicular_cluster24_review	No original file was deleted or modified.	6623014	eec677d823f7a4c581bf4e98ad449128842f5867de0c128f516394e5923df172
figures/subclustering/follicular_cluster24_review.png	subclustering	other				existing analysis output; retained unchanged for audit	review_or_regenerate_for_publication	main_or_supp_review_candidate	stem:follicular_cluster24_review	No original file was deleted or modified.	827087	8b1a1b09e2b6c8e7f5df5a8cd58f792e694f580bd833f1ea3d12f457879fce7c
figures/subclustering/follicular_cluster25_rare_cell_review.pdf	subclustering	other				existing analysis output; retained unchanged for audit	vector_existing_candidate	main_or_supp_review_candidate	stem:follicular_cluster25_rare_cell_review	No original file was deleted or modified.	28910	1efbdcd46e9cd2896f06a996a482934d8eab52099db0a7937d4611a4857aff78
figures/subclustering/follicular_cluster25_rare_cell_review.png	subclustering	other				existing analysis output; retained unchanged for audit	review_or_regenerate_for_publication	main_or_supp_review_candidate	stem:follicular_cluster25_rare_cell_review	No original file was deleted or modified.	177369	ce3838b36927ac642b03e62ed8fcd1ab18205f384ac761a155b5031de508b1a1
figures/subclustering/follicular_cluster25_review.pdf	subclustering	other				existing analysis output; retained unchanged for audit	vector_existing_candidate	main_or_supp_review_candidate	stem:follicular_cluster25_review	No original file was deleted or modified.	6591999	0dc7f833fcf3e64c6cf047e46bcd945dd01f09a9f64b39a00cff208c02790139
figures/subclustering/follicular_cluster25_review.png	subclustering	other				existing analysis output; retained unchanged for audit	review_or_regenerate_for_publication	main_or_supp_review_candidate	stem:follicular_cluster25_review	No original file was deleted or modified.	796519	e215f829b659c740070fcbb0ed6c8b72f14c3a187ca159786c4905d8c917b164
figures/subclustering/follicular_cluster6_annotation_review.pdf	subclustering	other				existing analysis output; retained unchanged for audit	vector_existing_candidate	main_or_supp_review_candidate	stem:follicular_cluster6_annotation_review	No original file was deleted or modified.	4090921	3c6bc9c6e5175db19f2e905f7c122e07e6cf05a757b60756588d576928b5d303
figures/subclustering/follicular_cluster6_annotation_review.png	subclustering	other				existing analysis output; retained unchanged for audit	review_or_regenerate_for_publication	main_or_supp_review_candidate	stem:follicular_cluster6_annotation_review	No original file was deleted or modified.	7113242	38fefe4defc3ad886b6335edea0638cc8342c31815c2ac164937ad46c4e02a19
figures/subclustering/follicular_cluster6_review.pdf	subclustering	other				existing analysis output; retained unchanged for audit	vector_existing_candidate	main_or_supp_review_candidate	stem:follicular_cluster6_review	No original file was deleted or modified.	7705168	f33034d36fc23f7930828c04ba174b294c29c929313ca3f3f8db77b7bea53b1d
figures/subclustering/follicular_cluster6_review.png	subclustering	other				existing analysis output; retained unchanged for audit	review_or_regenerate_for_publication	main_or_supp_review_candidate	stem:follicular_cluster6_review	No original file was deleted or modified.	1113573	df93c345f81fba1f01f7fad8c8984414059505d67a4e8895601df2648af90bd5
figures/subclustering/follicular_cluster8_annotation_review.pdf	subclustering	other				existing analysis output; retained unchanged for audit	vector_existing_candidate	main_or_supp_review_candidate	stem:follicular_cluster8_annotation_review	No original file was deleted or modified.	1379996	716906e7cc04dee8cb14870bc90a5ab127520dbd32262e4c90f5470b8d6b3de2
figures/subclustering/follicular_cluster8_annotation_review.png	subclustering	other				existing analysis output; retained unchanged for audit	review_or_regenerate_for_publication	main_or_supp_review_candidate	stem:follicular_cluster8_annotation_review	No original file was deleted or modified.	566116	dc9145ac6c56df52b1438a234d704ad49553c438b696c91fcf8a656a50ac1657
figures/subclustering/follicular_granulosa_marker_heatmap.pdf	subclustering	heatmap	Granulosa			existing analysis output; retained unchanged for audit	vector_existing_candidate	main_or_supp_review_candidate	stem:follicular_granulosa_marker_heatmap	No original file was deleted or modified.	36258	94d8668601a0cf6e28b4293f2743a79cd74109dfb8b2e174f13b2ce196e202ac
figures/subclustering/follicular_granulosa_marker_heatmap.png	subclustering	heatmap	Granulosa			existing analysis output; retained unchanged for audit	review_or_regenerate_for_publication	main_or_supp_review_candidate	stem:follicular_granulosa_marker_heatmap	No original file was deleted or modified.	105882	83dac207f1ab3a01032ce505c73e3416316fa304e4d43ed88991d7f31bacf478
figures/subclustering/follicular_marker_dotplot.pdf	subclustering	other				existing analysis output; retained unchanged for audit	vector_existing_candidate	main_or_supp_review_candidate	stem:follicular_marker_dotplot	No original file was deleted or modified.	210873	f2ee1dd2f5611e0f41a83e28ffabe2060bed93413c835d56b1e6bcfefc1c6cb1
figures/subclustering/follicular_marker_dotplot.png	subclustering	other				existing analysis output; retained unchanged for audit	review_or_regenerate_for_publication	main_or_supp_review_candidate	stem:follicular_marker_dotplot	No original file was deleted or modified.	459683	e3abb6d723632a230ed3ddf42a6afb5a4b476169e72727ea702a224cf06e55a9
figures/subclustering/follicular_pca_scree.pdf	subclustering	other				existing analysis output; retained unchanged for audit	vector_existing_candidate	main_or_supp_review_candidate	stem:follicular_pca_scree	No original file was deleted or modified.	15659	2519ecec53805fd8d4ea5800737939b41e9d9d84617dce4d1e635be52d4b39a6
figures/subclustering/follicular_pca_scree.png	subclustering	other				existing analysis output; retained unchanged for audit	review_or_regenerate_for_publication	main_or_supp_review_candidate	stem:follicular_pca_scree	No original file was deleted or modified.	110465	30a5e78070a953d7568bef75932f9e92ce62d4703b8869cfcb886b4062f0966d
figures/subclustering/follicular_theca_luteal_marker_heatmap.pdf	subclustering	heatmap	Theca_steroidogenic			existing analysis output; retained unchanged for audit	vector_existing_candidate	main_or_supp_review_candidate	stem:follicular_theca_luteal_marker_heatmap	No original file was deleted or modified.	33704	89e312a75a082a522d277919587a023b8dc4fe480292ac696af3dfbab4bcc979
figures/subclustering/follicular_theca_luteal_marker_heatmap.png	subclustering	heatmap	Theca_steroidogenic			existing analysis output; retained unchanged for audit	review_or_regenerate_for_publication	main_or_supp_review_candidate	stem:follicular_theca_luteal_marker_heatmap	No original file was deleted or modified.	100714	3cbfe103330828bc5eeb82e4680eecf713367081552982a9261314acd5c81d3d
figures/subclustering/follicular_umap_broad_local.pdf	subclustering	umap				existing analysis output; retained unchanged for audit	vector_existing_candidate	main_or_supp_review_candidate	stem:follicular_umap_broad_local	No original file was deleted or modified.	690175	447fca4bb4eb47cd7f1c47832673988f1436810da9b82288ce46ea843d6ec2bc
figures/subclustering/follicular_umap_broad_local.png	subclustering	umap				existing analysis output; retained unchanged for audit	review_or_regenerate_for_publication	main_or_supp_review_candidate	stem:follicular_umap_broad_local	No original file was deleted or modified.	1089268	9ff1718bdc5958729a82ec4b3f1b28c573f43d01bc81eb750a3a64a75fd25c22
figures/subclustering/follicular_umap_cluster.pdf	subclustering	umap				existing analysis output; retained unchanged for audit	vector_existing_candidate	main_or_supp_review_candidate	stem:follicular_umap_cluster	No original file was deleted or modified.	677044	3ab6296ceb0e0eccd0512f2da7e2bb904f90dea5b19d44f7f3ae9daf281b98f4
figures/subclustering/follicular_umap_cluster.png	subclustering	umap				existing analysis output; retained unchanged for audit	review_or_regenerate_for_publication	main_or_supp_review_candidate	stem:follicular_umap_cluster	No original file was deleted or modified.	1113912	3e35758e8e756514838ba8ea52eda89bf0c2f6277d31d57ca93b2338697124dd
figures/subclustering/follicular_umap_group.pdf	subclustering	umap				existing analysis output; retained unchanged for audit	vector_existing_candidate	main_or_supp_review_candidate	stem:follicular_umap_group	No original file was deleted or modified.	696461	19dc1da78fd864c4afea13d7157a1d705fa8de016e4567004cd5295d8705ac59
figures/subclustering/follicular_umap_group.png	subclustering	umap				existing analysis output; retained unchanged for audit	review_or_regenerate_for_publication	main_or_supp_review_candidate	stem:follicular_umap_group	No original file was deleted or modified.	1303974	0e2b8e1e64410ea55412a048ad1dc7befcae732f21bce90b14efadf2e9a0fa14
figures/subclustering/follicular_umap_library.pdf	subclustering	umap				existing analysis output; retained unchanged for audit	vector_existing_candidate	main_or_supp_review_candidate	stem:follicular_umap_library	No original file was deleted or modified.	701948	770876a2f62e5331fc940bdc5594a6b6cffbb714439186835c886fc303c544ef
figures/subclustering/follicular_umap_library.png	subclustering	umap				existing analysis output; retained unchanged for audit	review_or_regenerate_for_publication	main_or_supp_review_candidate	stem:follicular_umap_library	No original file was deleted or modified.	1457568	0d3bd0778d93065d31d8cd1f2dc8581be6c0934096aaa710b5bf2d4a5f42d794
figures/subclustering/follicular_umap_original_cluster.pdf	subclustering	umap				existing analysis output; retained unchanged for audit	vector_existing_candidate	main_or_supp_review_candidate	stem:follicular_umap_original_cluster	No original file was deleted or modified.	680505	6f81efee352140a6fabfbd724cd6985482accca5ad2008aa4ca0cae369bb39d2
figures/subclustering/follicular_umap_original_cluster.png	subclustering	umap				existing analysis output; retained unchanged for audit	review_or_regenerate_for_publication	main_or_supp_review_candidate	stem:follicular_umap_original_cluster	No original file was deleted or modified.	1097904	a8bc918100c46c02c41ba51f85c186a084efa464f051c5925e67ddbce0f584f3
figures/subclustering/follicular_umap_subtype_local.pdf	subclustering	umap				existing analysis output; retained unchanged for audit	vector_existing_candidate	main_or_supp_review_candidate	stem:follicular_umap_subtype_local	No original file was deleted or modified.	684895	590c2a05b1d605505f58fcc458f871da90aa63b4a4c90028148b54b577efa6e4
figures/subclustering/follicular_umap_subtype_local.png	subclustering	umap				existing analysis output; retained unchanged for audit	review_or_regenerate_for_publication	main_or_supp_review_candidate	stem:follicular_umap_subtype_local	No original file was deleted or modified.	1227752	27619319f91615dc586e182b2e58d3a4e4eb30c414c0ac8c5f1a373f62b50e54
figures/subclustering/immune_umap_candidate_subtypes.pdf	subclustering	umap	Immune			existing analysis output; retained unchanged for audit	vector_existing_candidate	main_or_supp_review_candidate	stem:immune_umap_candidate_subtypes	No original file was deleted or modified.	203447	f53bb450f1461b51d59882660aa69344e5f08e7dc09c133b1af91cf1a3267e75
figures/subclustering/immune_umap_clusters.pdf	subclustering	umap	Immune			existing analysis output; retained unchanged for audit	vector_existing_candidate	main_or_supp_review_candidate	stem:immune_umap_clusters	No original file was deleted or modified.	209242	228a901478d1e90ec8dd68315f8b63c59f35056f12647421c1390c60b13b9d78
figures/subclustering/immune_umap_library.pdf	subclustering	umap	Immune			existing analysis output; retained unchanged for audit	vector_existing_candidate	main_or_supp_review_candidate	stem:immune_umap_library	No original file was deleted or modified.	176824	083ba3f7c2fc6bbe384ceb92a1f4dd495cce80fbd7b82f32e06c1fff3eb35618
figures/subclustering/stromal_umap_candidate_subtypes.pdf	subclustering	umap	Stromal_fibroblast			existing analysis output; retained unchanged for audit	vector_existing_candidate	main_or_supp_review_candidate	stem:stromal_umap_candidate_subtypes	No original file was deleted or modified.	768746	e24e2b0914bda76837fc6f69db4f57cea246680008bc19174bdd47eb13e74370
figures/subclustering/stromal_umap_clusters.pdf	subclustering	umap	Stromal_fibroblast			existing analysis output; retained unchanged for audit	vector_existing_candidate	main_or_supp_review_candidate	stem:stromal_umap_clusters	No original file was deleted or modified.	797494	194179f649884b30fd2c2bde23a1ea75cf38a8f7239087acd754583381ae2bd1
figures/subclustering/stromal_umap_library.pdf	subclustering	umap	Stromal_fibroblast			existing analysis output; retained unchanged for audit	vector_existing_candidate	main_or_supp_review_candidate	stem:stromal_umap_library	No original file was deleted or modified.	686988	4260eb70a32e2d48cf3fdade98875fb794ac8a659d3e29500cfa2dad714daaa2
