path	bytes	sha256
figures/publication/aging_axis_granulosa.pdf	11656	0f8427cbc1ab03a73073ace9fb2bc61b4c2eb1546abb0f518236ea72d6f63e89
figures/publication/aging_axis_granulosa.png	77894	21e60d946a93a3f33156d0eab650a23b12df243790575d45b08af6f35f2a92d0
figures/publication/aging_axis_granulosa.svg	9365	b1a85d06fff972a2132b8692fb190a39aba30ed8c0bf13d5c502aaa6415d7dd1
figures/publication/aging_axis_stromal_fibroblast.pdf	15904	8b14b2e929cb4336fc2b3ac8b331a276e07bfbb69570c914ad83ad15ecaa0828
figures/publication/aging_axis_stromal_fibroblast.png	88966	a51e873b9aa0540b85f91ebc16321939c030c0f8fa05da2f0acf498f9a7b2a2f
figures/publication/aging_axis_stromal_fibroblast.svg	10246	7d512873431eedd0a09afe070760b2265ef726fe4e88f6b14788f8fbdda0705c
figures/publication/aging_de_summary.pdf	17533	0b71cb1ac7c0420d952ed8a40253f08fe47842cc90dcf112d98d6ca945c652a4
figures/publication/aging_de_summary.png	136779	e4b2f5c6e59345f11cb7f7af55989a0964822e0b9a10165558936a416542a4e2
figures/publication/aging_de_summary.svg	11140	65a90c27d39bebbb89f5b3f95008bf8c84dd0d8cf23d509a9e6f8fd14d0eb30e
figures/publication/atlas_library_composition.pdf	19552	f043ee0b04658664bdf0c3fde5e90a9fef590080f193e7f9a11edd89d010e001
figures/publication/atlas_library_composition.png	180738	30b8685fad423fff3150b607b585c2a3a148ac249337314299e52b9745f408f3
figures/publication/atlas_library_composition.svg	30878	997278e32723cbc845645833a32863dc64e3d8b9c69c7f0696670700e259fb92
figures/publication/atlas_umap_broad_cell_types.pdf	40151	59d90a1a8cea74dbe72e955daf75247f23fda6ab87c4d2fcb636fb3995bbb96c
figures/publication/atlas_umap_broad_cell_types.png	1594656	06d4f6d7097df13667c0e132c67b66349367afef083cfbbebf888e9e00042e7b
figures/publication/atlas_umap_broad_cell_types.svg	61293	312808e5c2759adc95594c09851955189b42137060f8e3f6ae6a343e5e378668
figures/publication/atlas_umap_granulosa_subtypes.pdf	38314	293c36220b7633bdc678b89cc37c91f6482ba91bf6c6074f66ad16d11496c271
figures/publication/atlas_umap_granulosa_subtypes.png	821034	3a14f161f667fd25a4dd6a132f8154042ba0203f07d3c400d9fb6cf752912da3
figures/publication/atlas_umap_granulosa_subtypes.svg	43180	52cdb0b18a85eb5f663a7675c70ac7ddd468a4a0b3d6637921e9ebcda5b31fdd
figures/publication/atlas_umap_stromal_subtypes.pdf	26695	427b4e0a7f3c7c31ebe5ba0af3fe04d6580202a52bc9ec87f9f86d6a1ddf553c
figures/publication/atlas_umap_stromal_subtypes.png	843232	fb553a16b4e31d7968cbb3efc5d52ed3d8d35e9f831c096cfb61238493bdb495
figures/publication/atlas_umap_stromal_subtypes.svg	34678	0272f471eff995096669a439059f7124b73df8550355b523352219632c314976
figures/publication/candidate_tier_summary.pdf	14922	54054172a688f1e2d1d5b8b78a5b22da9e42c0ac9e6d1bd6a48f443cc5367828
figures/publication/candidate_tier_summary.png	95465	be506d1cd670e1bb00651d4fac344de79c58ef8683d37208f91d82718cc5fc5a
figures/publication/candidate_tier_summary.svg	11176	d43fc874c32f1435cbc1851b79e1b9b044a8cbefd285bcc4838d8ccad01a5821
figures/publication/communication_ligand_hypotheses.pdf	16191	d9923d94bab87f1a785cc84269be00d8a08b8a0b70619c3dcc71a669d6d065f4
figures/publication/communication_ligand_hypotheses.png	152258	75c6a4ec2df211abeedff56b8b872f38a867e56af1fd12e7e46f40ed7377b9ae
figures/publication/communication_ligand_hypotheses.svg	13311	1333756e1fc0f0799e471d3d3034415f6b61c6fa6b416cfccf3f1b6ef8d5631e
figures/publication/composition_intrinsic_decomposition.pdf	18257	17011e9678347bbf18daca1b2d8136eeb2b9ab459cd1565bda9b5cfd46928ce4
figures/publication/composition_intrinsic_decomposition.png	168973	3e2b2d21eec981ad01290870bc93cd72692f06c4b74c5bc739760747c7f498ad
figures/publication/composition_intrinsic_decomposition.svg	11532	38557f0448e42fd1a53cfca6fba69bb601e72222b736ae549a34b309867c9778
figures/publication/external_pathway_validation.pdf	20890	b4f6864e1f1b6ea7f86d8a5941cd063c5a84fbc734dfbc54f39af398a4ce0829
figures/publication/external_pathway_validation.png	319403	35ebfd2709f7efd5c707bd574f4858bdd58041f5bbf857f1cfabdf5595e27200
figures/publication/external_pathway_validation.svg	15787	10e0c4b5ad1ef4e8a486a63302f8422c6faa0cb83c36698a45431b855e89ebde
figures/publication/nmf_programs_granulosa.pdf	14050	d32f97e87212defeb18b6cf50f10f33213346d4296473c7adce4572779d72af6
figures/publication/nmf_programs_granulosa.png	230524	a5e3b3a68ff29413be4b17ef63f25c05a2a539c24d14f45fe22d9d74f5215fea
figures/publication/nmf_programs_granulosa.svg	16018	2fc0051c702ff4a585dfd27b0aae4341b5d0725a1e1c1d57a89d225e3035cc5d
figures/publication/nmf_programs_stromal_fibroblast.pdf	17954	c7f8f168b4da652b8594037cade8b8d3628a693e7aac4d919be4ba23e84294ba
figures/publication/nmf_programs_stromal_fibroblast.png	248747	0c516b68f29a613837c912a6389cca2b902cda986b2ae87fb08535db90f2f922
figures/publication/nmf_programs_stromal_fibroblast.svg	14306	20d1cc8275a3d552e45a43e89330311a7196560f4295d33576af219b8c1771e5
figures/publication/pathway_reversal_granulosa.pdf	17748	e8752c4dae38874cff18dd7fb6d60e58422e8c42952e6e16e9f36c2fcabbb213
figures/publication/pathway_reversal_granulosa.png	154302	0008beec7eb0ce21cf6512e202179a968ae2584d631274e3f76895ac92e51760
figures/publication/pathway_reversal_granulosa.svg	12375	04bc2a4eb8fd31aa126dd9f4e708f7d3b74606503736c82a7d090dae4a1fff7e
figures/publication/pathway_reversal_stromal_fibroblast.pdf	20165	222e5037a2529c1d263b4dd577699c7b04f0be7a1c9a2e93309c81f3f675a81e
figures/publication/pathway_reversal_stromal_fibroblast.png	233378	20bebf9772f9a2a2325b4a02a1ce356f862406b1a21fad3ff26a0663fc7b288d
figures/publication/pathway_reversal_stromal_fibroblast.svg	17919	2055c86d73fa3019213108ab3ccf91ae41ea962a20925fde43684d9cb68d8c31
figures/publication/population_exact_permutation_evidence.pdf	17850	f4eaa7a4f9b35cf76f7bc976067e057210fd7f93340f5da5ad0147b0e19854fa
figures/publication/population_exact_permutation_evidence.png	146156	3abde7323480780feca396aac5cefdf15b5eca4497df0e1cbbe37d98f5f1f3cc
figures/publication/population_exact_permutation_evidence.svg	13144	671fd367cce4153312dc10be5ad4859916d28dfad4df5606e90304ea6218a681
figures/publication/regulatory_candidates_granulosa.pdf	12614	91829a31d7f6513d714b4f7598b402617f11dd27c2959886a3cc29e6a9ec38e9
figures/publication/regulatory_candidates_granulosa.png	120602	c832eeb7b0f9412613873747a1038baacde6839025d85db5ba9150017c2de65d
figures/publication/regulatory_candidates_granulosa.svg	7827	1a52a97d815a3a6a0a958accc7daaa3827f7ba1b27068b47069f6cb711c86614
figures/publication/regulatory_candidates_stromal_fibroblast.pdf	18403	6f640feab857ae9c60fc8a87b31e09a8e82d063d7c3f854a2425b73746bb1293
figures/publication/regulatory_candidates_stromal_fibroblast.png	102653	f08839daa9ec04d31e7865f609e6a43fc8117e3141fda3684b61a3ce265b320e
figures/publication/regulatory_candidates_stromal_fibroblast.svg	12412	7289f540371a72d24e5f768dbbb55c4845dda377456c2f6d23271a896a054b49
figures/publication/reversal_scatter_granulosa.pdf	28097	51159cf4c979d40181190bbd98f46a5085e902ede9f4bffedbef3c3a6ca1cd88
figures/publication/reversal_scatter_granulosa.png	285203	db23af46ed59d82bbebc9d9e922dd1d905702e9c25a51e94d5ebae1774fb5338
figures/publication/reversal_scatter_granulosa.svg	26871	89d78152bb4b6723a7cc6a7cda1ac57931ac6fbb9a63a76941626a7c539dbc53
figures/publication/reversal_scatter_stromal_fibroblast.pdf	27873	c94f63eb8b66ebdaeccd36cc2ca8a874768f107c5114a381a455fb1ca78c7ff9
figures/publication/reversal_scatter_stromal_fibroblast.png	288314	a6871958f1ae20d3a1617dbc009f5969a1b98263195738b0328da8e456c13c33
figures/publication/reversal_scatter_stromal_fibroblast.svg	26611	f4dd5603204b3fc241654686603653fd4907b6f62384b0781e1fbb9bd945d753
figures/publication/subtype_localization_granulosa.pdf	13224	ef8f8c56f882b0a5c7484f89b427b28c57826aec46458f0dcb7c0c9629177280
figures/publication/subtype_localization_granulosa.png	151458	94ad0f8668bb2e81e7dc691b2ab02b89bd9ffe05a88a4f22319036672a75f13f
figures/publication/subtype_localization_granulosa.svg	11270	029a65ef02020867e1686c09c3df0f45fadc16d2b2fafac6ddeb91e1065870f9
figures/publication/subtype_localization_stromal_fibroblast.pdf	23092	e4172efb32f8237dfef170355062b3647c7eacb4a326459fdee512897629ac7b
figures/publication/subtype_localization_stromal_fibroblast.png	850730	e65b5bce0a9639f73b6caa4b9b86d6e42fead8c457fa5b987a145b5103fd1623
figures/publication/subtype_localization_stromal_fibroblast.svg	38628	09eda2b5507071f3b8c8f99761fa34f0b082dba3eb341e95885015a528e71c77
results/publication_stage13/CANDIDATE_EVIDENCE_CARDS.tsv	50212	c034a714fea4affa12ffde0a86e20e5f6ce14ee274d37fecf1493b4c3abd2944
results/publication_stage13/CANDIDATE_TIER_A.tsv	9218	79882af15f43ce9b5e009f9317ff9b7df560b4ca86fe4f59f85536369ac77a5e
results/publication_stage13/CANDIDATE_TIER_B.tsv	15244	53198e75a4df65faa9a9fdcc08e5640009bdc3a0d3ae9638f000984d7b373585
results/publication_stage13/CANDIDATE_TIER_C.tsv	26540	88ef230e22a0636cdc2b572047d0285165f09aa94b8b6347d38d8c13f1e460dc
results/publication_stage13/EXPERIMENTAL_VALIDATION_PRIORITY_CN.md	1324	e29a7ce2b3164a1aa7345adc684b6135cba1428c3ccf00fea6621252310ee5f9
results/publication_stage13/FIGURE_INVENTORY.tsv	79382	4132d9ae82302305727a0f0a85527b7a098826307cd6cca043f8bbc57408dd61
results/publication_stage13/MAIN_FIGURE_SELECTION.tsv	5255	c2464a02117a144ecbfbdf82374689bc2848ec7f286687951b51f348acb2d374
results/publication_stage13/MASTER_EVIDENCE_LEDGER.tsv	9877	bb5de3a24368214bd50b44e8704649d0f417e660c5eaecf1d90224f52afce216
results/publication_stage13/NEGATIVE_RESULTS_LEDGER.tsv	2231	b7b6d353a41f220608033de68884b2d570febbe160c554d339774949db31b902
results/publication_stage13/PUBLICATION_FIGURE_MANIFEST.tsv	14644	cb5d52ed385e2000435e7ff7ea475536f34bb3c6c8f746d2e73b04d54f6c2927
results/publication_stage13/PUBLICATION_FIGURE_QA.tsv	2087	44715247951fc2f39a6dd01993467d6a453c3bfdfa15ad8a4d1a4228e594e893
results/publication_stage13/PUBLICATION_NARRATIVE_CN.md	1463	7d1c4752b8a029b2d804f01fcef966fbcbb5887047f46a439020720d157468c7
results/publication_stage13/PUBLICATION_STAGE13_REPORT_CN.md	4745	81bb2f00528c0ebe5f17ccb7313bd678599e9b9070a9817e259388469aa038d9
results/publication_stage13/RESULTS_FACT_SHEET_CN.tsv	6375	de9d8a5fa3d35374a7eb5cf02ef613b5cd7a63ee501d3ba79da3d2c833c7f3d2
results/publication_stage13/RESULTS_OUTLINE_CN.md	3405	dcfdd4288b36b0f6b3e90b9bcf516cecb892a1985f6f456d447fa67a84a875c0
results/publication_stage13/SOURCE_SCHEMA_INVENTORY.tsv	3936	6b1fd9522c47c22c9eb70f133b5382365c2e66cf18099988d96bc1c1c14de3fc
results/publication_stage13/STAGE13_EXPLAINED_FOR_USER_CN.md	2717	89c6f70327e2e6268a07c1d5351622a4c3820d28cfcf843917f578484e13f264
results/publication_stage13/SUPPLEMENTARY_FIGURE_PLAN.tsv	1119	d14dfa08feeb9b088fd24287a9071cf5bd365ce3c9cb951e47856d240e19a601
results/publication_stage13/publication_color_registry.tsv	1289	5301b05652742ce465c665523dd09f8ee59ad5d2a3cab5d18e1ee14c1f922efd
results/publication_stage13/source_data/aging_axis_granulosa.tsv	725	64d8dbdc95e8ecb05d68b318d41785b1240344d96d3bb40de0225dc73068ff3d
results/publication_stage13/source_data/aging_axis_stromal_fibroblast.tsv	806	293cb7ecebb38ff0c97c49b99bda6e283e549efd74e5d13a370ce33d653a1500
results/publication_stage13/source_data/aging_de_summary.tsv	1525	f91bffecd18a9159dda47c378a041f060ee2f4391f5222bf84473ac2e5a07746
results/publication_stage13/source_data/atlas_library_composition.tsv	5182	967f871684c09d2ae41de5355f88d683605a027acf26a286c1f534bd97afaae6
results/publication_stage13/source_data/atlas_umap_broad_cell_types.tsv	9625100	251435a68d4d0e02c111b896204b8eb1eeff71083ce08305317a805ee0ebb87e
results/publication_stage13/source_data/atlas_umap_granulosa_subtypes.tsv	2144411	11af51f77e44cfa104f06bcfd881b61439a0b5b4e5a113254734f924a63948af
results/publication_stage13/source_data/atlas_umap_stromal_subtypes.tsv	3248837	4fd540f817daa52b1699eeeac28a50beecab6c2fa8dacfbdbf80c33653b8110e
results/publication_stage13/source_data/candidate_tier_summary.tsv	322	da87eb606b76096986602128135246959d7a0069b7afa16c137e7a2303d87f9e
results/publication_stage13/source_data/communication_ligand_hypotheses.tsv	881	2c5db5e259e2a1b53ee02644acc23fc4d5136009c325a20b9180a489de4e3f5b
results/publication_stage13/source_data/composition_intrinsic_decomposition.tsv	2948	c118d4672a971ab4af79a2c43aee1b8fcd413c32d247b7fa46c3a086b7473e33
results/publication_stage13/source_data/external_pathway_validation.tsv	2517	c13a792eb4907f3e5fa6846d1aeb4ac89897c4fb1b812ec140c1a02b632ffc44
results/publication_stage13/source_data/nmf_programs_granulosa.tsv	937	2c818d1fb90ad77af27a58abdca1d45d6f2a7f99142ca5178d18495b0cff960b
results/publication_stage13/source_data/nmf_programs_stromal_fibroblast.tsv	1201	2d2fea6b3fb590cfc4651051b62329086ad5c86acc0d607da1404d2f7c383be3
results/publication_stage13/source_data/pathway_reversal_granulosa.tsv	4148	47282e5a8df8221f286be6f7e09d004542a09838f384764846af52fa80ddf2a5
results/publication_stage13/source_data/pathway_reversal_stromal_fibroblast.tsv	7440	4205255e1ffedd5a13a44b1f763323c007f10ce7020211679a4ac57b26005f38
results/publication_stage13/source_data/population_exact_permutation_evidence.tsv	5048	79c5b964445fad9773b3a7616115521f8ca7ac2b70af9df4941e1747f461b2e5
results/publication_stage13/source_data/regulatory_candidates_granulosa.tsv	256	9ad65ca4e8f60db380f9a93a0d133fc7a26d82563c18f35b8af7e0f8ae33ffd3
results/publication_stage13/source_data/regulatory_candidates_stromal_fibroblast.tsv	626	ee7bb3041fa930cc121ba35c5c13f6fe1fa8913227f795f03e4038842e52c668
results/publication_stage13/source_data/reversal_scatter_granulosa.tsv	9613920	dd480ba43ef5a5c0e25fc558d266688019bfc8f060a2bf432760c00d81fbedb9
results/publication_stage13/source_data/reversal_scatter_stromal_fibroblast.tsv	10248663	526219f83b79c8e51a514f6485d39bd7dcdeff9ad8acd3b6c2ad3db597594410
results/publication_stage13/source_data/subtype_localization_granulosa.tsv	948	6d4ee8e8e8ab9dd9099b76cae2c2bb26f7229bd2127e5abfc9c42a877cef61b7
results/publication_stage13/source_data/subtype_localization_stromal_fibroblast.tsv	9055	35631bdb25e539aebf9c60d143028e130668e0b92d4a3bfb7f3b0bfd997cded2
