plot_id	title	conclusion	source_files	source_data	svg	pdf	png_600dpi	n_axes	assembled_multipanel	svg_sha256	pdf_sha256	png_sha256
atlas_umap_broad_cell_types	Mouse ovary single-cell atlas	Cell identities occupy structured regions of the existing Harmony-derived UMAP.	results/06_annotation_v2.h5ad::obsm/X_umap + obs/cell_type_broad	results/publication_stage13/source_data/atlas_umap_broad_cell_types.tsv	figures/publication/atlas_umap_broad_cell_types.svg	figures/publication/atlas_umap_broad_cell_types.pdf	figures/publication/atlas_umap_broad_cell_types.png	1	False	312808e5c2759adc95594c09851955189b42137060f8e3f6ae6a343e5e378668	59d90a1a8cea74dbe72e955daf75247f23fda6ab87c4d2fcb636fb3995bbb96c	06d4f6d7097df13667c0e132c67b66349367afef083cfbbebf888e9e00042e7b
atlas_umap_granulosa_subtypes	Granulosa states	Cell identities occupy structured regions of the existing Harmony-derived UMAP.	results/06_annotation_v2.h5ad::obsm/X_umap + obs/cell_type_subtype_v2	results/publication_stage13/source_data/atlas_umap_granulosa_subtypes.tsv	figures/publication/atlas_umap_granulosa_subtypes.svg	figures/publication/atlas_umap_granulosa_subtypes.pdf	figures/publication/atlas_umap_granulosa_subtypes.png	1	False	52cdb0b18a85eb5f663a7675c70ac7ddd468a4a0b3d6637921e9ebcda5b31fdd	293c36220b7633bdc678b89cc37c91f6482ba91bf6c6074f66ad16d11496c271	3a14f161f667fd25a4dd6a132f8154042ba0203f07d3c400d9fb6cf752912da3
atlas_umap_stromal_subtypes	Stromal states	Cell identities occupy structured regions of the existing Harmony-derived UMAP.	results/06_annotation_v2.h5ad::obsm/X_umap + obs/cell_type_subtype_v2	results/publication_stage13/source_data/atlas_umap_stromal_subtypes.tsv	figures/publication/atlas_umap_stromal_subtypes.svg	figures/publication/atlas_umap_stromal_subtypes.pdf	figures/publication/atlas_umap_stromal_subtypes.png	1	False	0272f471eff995096669a439059f7124b73df8550355b523352219632c314976	427b4e0a7f3c7c31ebe5ba0af3fe04d6580202a52bc9ec87f9f86d6a1ddf553c	fb553a16b4e31d7968cbb3efc5d52ed3d8d35e9f831c096cfb61238493bdb495
atlas_library_composition	Broad cell-type composition by library	All libraries contribute multiple ovarian populations, with visible biological composition variation.	results/composition/library_broad_fractions.tsv	results/publication_stage13/source_data/atlas_library_composition.tsv	figures/publication/atlas_library_composition.svg	figures/publication/atlas_library_composition.pdf	figures/publication/atlas_library_composition.png	1	False	997278e32723cbc845645833a32863dc64e3d8b9c69c7f0696670700e259fb92	f043ee0b04658664bdf0c3fde5e90a9fef590080f193e7f9a11edd89d010e001	30b8685fad423fff3150b607b585c2a3a148ac249337314299e52b9745f408f3
aging_de_summary	Cell-type-specific ovarian aging effects	Aging-associated differential expression varies substantially among ovarian populations.	results/de_stage1/broad_de_summary.tsv	results/publication_stage13/source_data/aging_de_summary.tsv	figures/publication/aging_de_summary.svg	figures/publication/aging_de_summary.pdf	figures/publication/aging_de_summary.png	1	False	65a90c27d39bebbb89f5b3f95008bf8c84dd0d8cf23d509a9e6f8fd14d0eb30e	0b71cb1ac7c0420d952ed8a40253f08fe47842cc90dcf112d98d6ca945c652a4	e4b2f5c6e59345f11cb7f7af55989a0964822e0b9a10165558936a416542a4e2
reversal_scatter_granulosa	Aging and treatment effects in Granulosa	Aging and MRJP1-associated effects are broadly opposed; highlighted genes meet predefined reversal evidence levels.	results/de_stage1_6/Granulosa/observed_evidence_levels.tsv.gz	results/publication_stage13/source_data/reversal_scatter_granulosa.tsv	figures/publication/reversal_scatter_granulosa.svg	figures/publication/reversal_scatter_granulosa.pdf	figures/publication/reversal_scatter_granulosa.png	1	False	89d78152bb4b6723a7cc6a7cda1ac57931ac6fbb9a63a76941626a7c539dbc53	51159cf4c979d40181190bbd98f46a5085e902ede9f4bffedbef3c3a6ca1cd88	db23af46ed59d82bbebc9d9e922dd1d905702e9c25a51e94d5ebae1774fb5338
reversal_scatter_stromal_fibroblast	Aging and treatment effects in Stromal_fibroblast	Aging and MRJP1-associated effects are broadly opposed; highlighted genes meet predefined reversal evidence levels.	results/de_stage1_6/Stromal_fibroblast/observed_evidence_levels.tsv.gz	results/publication_stage13/source_data/reversal_scatter_stromal_fibroblast.tsv	figures/publication/reversal_scatter_stromal_fibroblast.svg	figures/publication/reversal_scatter_stromal_fibroblast.pdf	figures/publication/reversal_scatter_stromal_fibroblast.png	1	False	f4dd5603204b3fc241654686603653fd4907b6f62384b0781e1fbb9bd945d753	c94f63eb8b66ebdaeccd36cc2ca8a874768f107c5114a381a455fb1ca78c7ff9	a6871958f1ae20d3a1617dbc009f5969a1b98263195738b0328da8e456c13c33
population_exact_permutation_evidence	Whole-transcriptome reversal across populations	Granulosa and Stromal_fibroblast show the strongest stable whole-transcriptome opposition.	results/de_stage1_6/population_reversal_evidence.tsv	results/publication_stage13/source_data/population_exact_permutation_evidence.tsv	figures/publication/population_exact_permutation_evidence.svg	figures/publication/population_exact_permutation_evidence.pdf	figures/publication/population_exact_permutation_evidence.png	1	False	671fd367cce4153312dc10be5ad4859916d28dfad4df5606e90304ea6218a681	f4eaa7a4f9b35cf76f7bc976067e057210fd7f93340f5da5ad0147b0e19854fa	3abde7323480780feca396aac5cefdf15b5eca4497df0e1cbbe37d98f5f1f3cc
aging_axis_granulosa	Young-directed projection in Granulosa	OT libraries project toward the young reference relative to OC in this population.	results/stage5_rejuvenation_geometry/aging_axis_projection.tsv	results/publication_stage13/source_data/aging_axis_granulosa.tsv	figures/publication/aging_axis_granulosa.svg	figures/publication/aging_axis_granulosa.pdf	figures/publication/aging_axis_granulosa.png	1	False	b1a85d06fff972a2132b8692fb190a39aba30ed8c0bf13d5c502aaa6415d7dd1	0f8427cbc1ab03a73073ace9fb2bc61b4c2eb1546abb0f518236ea72d6f63e89	21e60d946a93a3f33156d0eab650a23b12df243790575d45b08af6f35f2a92d0
pathway_reversal_granulosa	Granulosa pathway reversal	Selected aging-associated pathways shift in the opposite direction after treatment.	results/pathway_stage2/primary_pathway_reversal_summary.tsv	results/publication_stage13/source_data/pathway_reversal_granulosa.tsv	figures/publication/pathway_reversal_granulosa.svg	figures/publication/pathway_reversal_granulosa.pdf	figures/publication/pathway_reversal_granulosa.png	1	False	04bc2a4eb8fd31aa126dd9f4e708f7d3b74606503736c82a7d090dae4a1fff7e	e8752c4dae38874cff18dd7fb6d60e58422e8c42952e6e16e9f36c2fcabbb213	0008beec7eb0ce21cf6512e202179a968ae2584d631274e3f76895ac92e51760
subtype_localization_granulosa	Granulosa subtype localization	Broad pathway reversal localizes to defined, adequately represented subtypes.	results/stage3_subtype_localization/broad_to_subtype_localization.tsv	results/publication_stage13/source_data/subtype_localization_granulosa.tsv	figures/publication/subtype_localization_granulosa.svg	figures/publication/subtype_localization_granulosa.pdf	figures/publication/subtype_localization_granulosa.png	1	False	029a65ef02020867e1686c09c3df0f45fadc16d2b2fafac6ddeb91e1065870f9	ef8f8c56f882b0a5c7484f89b427b28c57826aec46458f0dcb7c0c9629177280	94ad0f8668bb2e81e7dc691b2ab02b89bd9ffe05a88a4f22319036672a75f13f
regulatory_candidates_granulosa	Granulosa regulatory candidates	Candidate activity patterns move toward young levels after treatment; these are regulatory hypotheses.	results/stage7_regulatory_activity/candidate_regulators.tsv	results/publication_stage13/source_data/regulatory_candidates_granulosa.tsv	figures/publication/regulatory_candidates_granulosa.svg	figures/publication/regulatory_candidates_granulosa.pdf	figures/publication/regulatory_candidates_granulosa.png	1	False	1a52a97d815a3a6a0a958accc7daaa3827f7ba1b27068b47069f6cb711c86614	91829a31d7f6513d714b4f7598b402617f11dd27c2959886a3cc29e6a9ec38e9	c832eeb7b0f9412613873747a1038baacde6839025d85db5ba9150017c2de65d
nmf_programs_granulosa	Granulosa NMF programs	Most lineage-specific co-expression programs move in the opposite aging direction after treatment.	results/stage8_gene_programs/program_reversal.tsv	results/publication_stage13/source_data/nmf_programs_granulosa.tsv	figures/publication/nmf_programs_granulosa.svg	figures/publication/nmf_programs_granulosa.pdf	figures/publication/nmf_programs_granulosa.png	1	False	2fc0051c702ff4a585dfd27b0aae4341b5d0725a1e1c1d57a89d225e3035cc5d	d32f97e87212defeb18b6cf50f10f33213346d4296473c7adce4572779d72af6	a5e3b3a68ff29413be4b17ef63f25c05a2a539c24d14f45fe22d9d74f5215fea
aging_axis_stromal_fibroblast	Young-directed projection in Stromal_fibroblast	OT libraries project toward the young reference relative to OC in this population.	results/stage5_rejuvenation_geometry/aging_axis_projection.tsv	results/publication_stage13/source_data/aging_axis_stromal_fibroblast.tsv	figures/publication/aging_axis_stromal_fibroblast.svg	figures/publication/aging_axis_stromal_fibroblast.pdf	figures/publication/aging_axis_stromal_fibroblast.png	1	False	7d512873431eedd0a09afe070760b2265ef726fe4e88f6b14788f8fbdda0705c	8b14b2e929cb4336fc2b3ac8b331a276e07bfbb69570c914ad83ad15ecaa0828	a51e873b9aa0540b85f91ebc16321939c030c0f8fa05da2f0acf498f9a7b2a2f
pathway_reversal_stromal_fibroblast	Stromal_fibroblast pathway reversal	Selected aging-associated pathways shift in the opposite direction after treatment.	results/pathway_stage2/primary_pathway_reversal_summary.tsv	results/publication_stage13/source_data/pathway_reversal_stromal_fibroblast.tsv	figures/publication/pathway_reversal_stromal_fibroblast.svg	figures/publication/pathway_reversal_stromal_fibroblast.pdf	figures/publication/pathway_reversal_stromal_fibroblast.png	1	False	2055c86d73fa3019213108ab3ccf91ae41ea962a20925fde43684d9cb68d8c31	222e5037a2529c1d263b4dd577699c7b04f0be7a1c9a2e93309c81f3f675a81e	20bebf9772f9a2a2325b4a02a1ce356f862406b1a21fad3ff26a0663fc7b288d
subtype_localization_stromal_fibroblast	Stromal_fibroblast subtype localization	Broad pathway reversal localizes to defined, adequately represented subtypes.	results/stage3_subtype_localization/broad_to_subtype_localization.tsv	results/publication_stage13/source_data/subtype_localization_stromal_fibroblast.tsv	figures/publication/subtype_localization_stromal_fibroblast.svg	figures/publication/subtype_localization_stromal_fibroblast.pdf	figures/publication/subtype_localization_stromal_fibroblast.png	1	False	09eda2b5507071f3b8c8f99761fa34f0b082dba3eb341e95885015a528e71c77	e4172efb32f8237dfef170355062b3647c7eacb4a326459fdee512897629ac7b	e65b5bce0a9639f73b6caa4b9b86d6e42fead8c457fa5b987a145b5103fd1623
regulatory_candidates_stromal_fibroblast	Stromal_fibroblast regulatory candidates	Candidate activity patterns move toward young levels after treatment; these are regulatory hypotheses.	results/stage7_regulatory_activity/candidate_regulators.tsv	results/publication_stage13/source_data/regulatory_candidates_stromal_fibroblast.tsv	figures/publication/regulatory_candidates_stromal_fibroblast.svg	figures/publication/regulatory_candidates_stromal_fibroblast.pdf	figures/publication/regulatory_candidates_stromal_fibroblast.png	1	False	7289f540371a72d24e5f768dbbb55c4845dda377456c2f6d23271a896a054b49	6f640feab857ae9c60fc8a87b31e09a8e82d063d7c3f854a2425b73746bb1293	f08839daa9ec04d31e7865f609e6a43fc8117e3141fda3684b61a3ce265b320e
nmf_programs_stromal_fibroblast	Stromal_fibroblast NMF programs	Most lineage-specific co-expression programs move in the opposite aging direction after treatment.	results/stage8_gene_programs/program_reversal.tsv	results/publication_stage13/source_data/nmf_programs_stromal_fibroblast.tsv	figures/publication/nmf_programs_stromal_fibroblast.svg	figures/publication/nmf_programs_stromal_fibroblast.pdf	figures/publication/nmf_programs_stromal_fibroblast.png	1	False	20d1cc8275a3d552e45a43e89330311a7196560f4295d33576af219b8c1771e5	c7f8f168b4da652b8594037cade8b8d3628a693e7aac4d919be4ba23e84294ba	0c516b68f29a613837c912a6389cca2b902cda986b2ae87fb08535db90f2f922
external_pathway_validation	External validation of strong pathways	External pathway support is substantially stronger for Stromal than for the single Granulosa strong pathway.	results/stage6_external_validation/external_strong_pathway_validation.tsv	results/publication_stage13/source_data/external_pathway_validation.tsv	figures/publication/external_pathway_validation.svg	figures/publication/external_pathway_validation.pdf	figures/publication/external_pathway_validation.png	1	False	10e0c4b5ad1ef4e8a486a63302f8422c6faa0cb83c36698a45431b855e89ebde	b4f6864e1f1b6ea7f86d8a5941cd063c5a84fbc734dfbc54f39af398a4ce0829	35ebfd2709f7efd5c707bd574f4858bdd58041f5bbf857f1cfabdf5595e27200
composition_intrinsic_decomposition	Composition versus within-subtype expression	Aggregate changes are dominated by within-subtype expression rather than subtype composition.	results/stage4_composition_decomposition/decomposition_summary.tsv	results/publication_stage13/source_data/composition_intrinsic_decomposition.tsv	figures/publication/composition_intrinsic_decomposition.svg	figures/publication/composition_intrinsic_decomposition.pdf	figures/publication/composition_intrinsic_decomposition.png	1	False	38557f0448e42fd1a53cfca6fba69bb601e72222b736ae549a34b309867c9778	17011e9678347bbf18daca1b2d8136eeb2b9ab459cd1565bda9b5cfd46928ce4	3e2b2d21eec981ad01290870bc93cd72692f06c4b74c5bc739760747c7f498ad
communication_ligand_hypotheses	Stromal-to-Granulosa ligand hypotheses	Four targeted ligands show sender-side expression reversal and receiver-side database support; they remain hypotheses.	results/stage9_communication/candidate_ligands.tsv	results/publication_stage13/source_data/communication_ligand_hypotheses.tsv	figures/publication/communication_ligand_hypotheses.svg	figures/publication/communication_ligand_hypotheses.pdf	figures/publication/communication_ligand_hypotheses.png	1	False	1333756e1fc0f0799e471d3d3034415f6b61c6fa6b416cfccf3f1b6ef8d5631e	d9923d94bab87f1a785cc84269be00d8a08b8a0b70619c3dcc71a669d6d065f4	75c6a4ec2df211abeedff56b8b872f38a867e56af1fd12e7e46f40ed7377b9ae
candidate_tier_summary	Transparent candidate triage	The 60-candidate shortlist is reduced to explicit immediate, second-priority, and exploratory tiers.	results/publication_stage13/CANDIDATE_EVIDENCE_CARDS.tsv	results/publication_stage13/source_data/candidate_tier_summary.tsv	figures/publication/candidate_tier_summary.svg	figures/publication/candidate_tier_summary.pdf	figures/publication/candidate_tier_summary.png	1	False	d43fc874c32f1435cbc1851b79e1b9b044a8cbefd285bcc4838d8ccad01a5821	54054172a688f1e2d1d5b8b78a5b22da9e42c0ac9e6d1bd6a48f443cc5367828	be506d1cd670e1bb00651d4fac344de79c58ef8683d37208f91d82718cc5fc5a
